{
    "pools": [
        {
            "rolls": 1,
            "entries": [
                {
                    "type": "item",
                    "name": "minecraft:potion",
                    "weight": 1,
                    "functions": [
						{
							"function": "set_nbt",
							"tag": "{display:{Name:\"§rBattle Potion\",Lore:[\"\",\"§7When consumed:\",\"§7 +3 Attack Damage\",\"§7 +20% Movement Speed\",\"§7 +20% Attack Speed\",\"§7Effects last for two and a half minutes\"]},HideFlags:63,CustomPotionEffects:[{Id:5,Amplifier:0,Duration:3000},{Id:1,Amplifier:0,Duration:3000},{Id:3,Amplifier:1,Duration:3000}]}"
						}
                    ]
                }
            ]
        }
    ]
}