{
    "pools": [
        {
            "rolls": 1,
            "entries": [
                {
                    "type": "item",
                    "name": "minecraft:splash_potion",
                    "weight": 1,
                    "functions": [
						{
							"function": "set_nbt",
							"tag": "{display:{Name:\"§rModerate Splash Healing\",Lore:[\"\",\"§7When applied on living entities:\",\"§7 Up to 32 Healing\",\"§7When applied on undead entities:\",\"§7 Up to 48 Magic Damage\"]},HideFlags:63,CustomPotionEffects:[{Id:6,Amplifier:3}]}"
						}
                    ]
                }
            ]
        }
    ]
}