{
    "pools": [
        {
            "rolls": {
                "min": 1,
                "max": 1
            },
            "entries": [
                {
                    "type": "loot_table",
                    "name": "aos:equipment/potion/mid/moderate_splash_healing",
                    "weight": 1
                },
				{
                    "type": "loot_table",
                    "name": "aos:equipment/potion/mid/splash_wither",
                    "weight": 1
                },
				{
                    "type": "loot_table",
                    "name": "aos:equipment/potion/mid/moderate_regeneration_potion",
                    "weight": 1
                },
				{
                    "type": "loot_table",
                    "name": "aos:equipment/potion/mid/battle_potion",
                    "weight": 1
                },
				{
                    "type": "loot_table",
                    "name": "aos:equipment/potion/mid/resistance_potion",
                    "weight": 1
                }
            ]
        }
    ]
}