{
    "pools": [
        {
            "rolls": 1,
            "entries": [
                {
                    "type": "item",
                    "name": "minecraft:potion",
                    "weight": 1,
                    "functions": [
						{
							"function": "set_nbt",
							"tag": "{display:{Name:\"§rResistance Potion\",Lore:[\"\",\"§7When consumed:\",\"§7 +40% Damage Resistance for two minutes\"]},HideFlags:63,CustomPotionEffects:[{Id:11,Amplifier:1,Duration:2400}]}"
						}
                    ]
                }
            ]
        }
    ]
}