{"stat.useItem.minecraft.anvil":25,"stat.useItem.minecraft.glass_pane":26,"stat.useItem.minecraft.chest":162,"stat.useItem.minecraft.nether_brick_stairs":963,"stat.useItem.minecraft.iron_bars":548,"stat.useItem.minecraft.stone_brick_stairs":572,"stat.killEntity.Sheep":1,"stat.useItem.minecraft.web":38,"stat.useItem.minecraft.cobblestone":921,"stat.useItem.minecraft.stone_button":108,"stat.craftItem.minecraft.iron_sword":5,"stat.useItem.minecraft.leaves":458,"stat.useItem.minecraft.iron_hoe":2,"stat.useItem.minecraft.netherrack":120,"stat.useItem.minecraft.quartz_block":117,"stat.useItem.minecraft.command_block":1598,"stat.mineBlock.minecraft.redstone_torch":16,"stat.useItem.minecraft.wooden_door":4,"stat.useItem.minecraft.stained_glass":109,"stat.useItem.minecraft.dark_oak_stairs":607,"achievement.openInventory":3929,"stat.damageDealt":64030,"stat.useItem.minecraft.experience_bottle":5,"stat.useItem.minecraft.fence":223,"stat.useItem.minecraft.item_frame":50,"stat.useItem.minecraft.iron_block":3,"stat.useItem.minecraft.brewing_stand":6,"stat.useItem.minecraft.spruce_fence":440,"stat.crouchOneCm":259943,"stat.useItem.minecraft.stained_glass_pane":76,"stat.useItem.minecraft.potato":4,"stat.useItem.minecraft.sticky_piston":20,"stat.useItem.minecraft.acacia_door":2,"achievement.exploreAllBiomes":{"value":0,"progress":["Plains","River"]},"stat.useItem.minecraft.log":298,"stat.useItem.minecraft.tnt":21,"stat.useItem.minecraft.redstone_block":788,"stat.useItem.minecraft.spruce_door":11,"stat.mineBlock.minecraft.yellow_flower":1,"stat.useItem.minecraft.melon_block":127,"stat.useItem.minecraft.obsidian":751,"stat.craftItem.minecraft.leather_helmet":7,"stat.useItem.minecraft.planks":3147,"stat.talkedToVillager":35,"stat.fallOneCm":6753,"stat.useItem.minecraft.coal_ore":7,"stat.useItem.minecraft.torch":1241,"stat.useItem.minecraft.bed":10,"stat.useItem.minecraft.stone_pickaxe":3,"stat.useItem.minecraft.wheat_seeds":45,"stat.useItem.minecraft.yellow_flower":12,"stat.useItem.minecraft.skull":143,"stat.useItem.minecraft.stonebrick":3684,"stat.useItem.minecraft.stone":6121,"stat.useItem.minecraft.melon_seeds":19,"stat.useItem.minecraft.furnace":10,"stat.useItem.minecraft.trapped_chest":6,"stat.useItem.minecraft.end_portal_frame":1,"stat.useItem.minecraft.ladder":124,"stat.useItem.minecraft.double_plant":5,"stat.useItem.minecraft.hardened_clay":8,"stat.useItem.minecraft.jungle_door":31,"stat.useItem.minecraft.redstone":1252,"stat.useItem.minecraft.potion":26,"stat.mineBlock.minecraft.pumpkin":4,"stat.useItem.minecraft.cooked_mutton":4,"stat.flyOneCm":24285066,"stat.useItem.minecraft.writable_book":3,"stat.useItem.minecraft.red_flower":89,"stat.useItem.minecraft.prismarine":1,"stat.damageTaken":3266,"stat.useItem.minecraft.milk_bucket":4,"stat.useItem.minecraft.monster_egg":1994,"stat.useItem.minecraft.diamond_sword":517,"stat.useItem.minecraft.wooden_pressure_plate":18,"stat.entityKilledBy.Spider":1,"stat.useItem.minecraft.sponge":10,"stat.useItem.minecraft.cake":1,"stat.useItem.minecraft.oak_stairs":1,"stat.killEntity.Chicken":1,"stat.useItem.minecraft.jukebox":3,"stat.useItem.minecraft.dropper":2,"stat.useItem.minecraft.stained_hardened_clay":588,"stat.useItem.minecraft.dye":6945,"stat.craftItem.minecraft.leather_boots":4,"stat.useItem.minecraft.flower_pot":8,"stat.useItem.minecraft.rail":58,"stat.useItem.minecraft.enchanting_table":4,"stat.entityKilledBy.Creeper":1,"stat.useItem.minecraft.log2":1836,"stat.useItem.minecraft.redstone_lamp":12,"stat.useItem.minecraft.flint_and_steel":258,"stat.useItem.minecraft.stone_sword":49,"stat.climbOneCm":80839,"stat.useItem.minecraft.sapling":789,"stat.drop":521,"stat.entityKilledBy.CaveSpider":1,"stat.useItem.minecraft.repeater":1494,"stat.useItem.minecraft.stone_pressure_plate":27,"stat.useItem.minecraft.nether_brick_fence":4,"stat.useItem.minecraft.comparator":182,"stat.useItem.minecraft.glowstone":169,"stat.useItem.minecraft.bow":75,"achievement.mineWood":4,"stat.useItem.minecraft.spruce_stairs":142,"stat.useItem.minecraft.gold_block":4,"stat.useItem.minecraft.activator_rail":30,"stat.killEntity.Wolf":2,"stat.useItem.minecraft.sand":157,"stat.useItem.minecraft.iron_axe":4,"stat.useItem.minecraft.stone_slab":1200,"stat.craftItem.minecraft.dye":10,"stat.breakItem.minecraft.diamond_axe":1,"stat.useItem.minecraft.barrier":2991,"stat.useItem.minecraft.cooked_porkchop":1,"stat.craftItem.minecraft.leather_chestplate":5,"stat.mineBlock.minecraft.planks":1,"stat.useItem.minecraft.crafting_table":13,"stat.playOneMinute":6294255,"stat.useItem.minecraft.redstone_torch":227,"stat.killEntity.Rabbit":65,"stat.useItem.minecraft.hopper":151,"stat.useItem.minecraft.iron_ore":9,"stat.leaveGame":83,"stat.diveOneCm":5996,"stat.useItem.minecraft.lever":79,"stat.useItem.minecraft.glass":213,"stat.killEntity.Villager":6,"stat.killEntity.Spider":12,"stat.timeSinceDeath":2162,"stat.useItem.minecraft.iron_trapdoor":1,"stat.useItem.minecraft.gravel":189,"stat.killEntity.PigZombie":10,"stat.useItem.minecraft.waterlily":4,"stat.useItem.minecraft.painting":265,"stat.useItem.minecraft.wool":487,"stat.useItem.minecraft.nether_brick":1436,"stat.useItem.minecraft.pumpkin":97,"stat.craftItem.minecraft.leather_leggings":4,"stat.swimOneCm":17166,"stat.useItem.minecraft.dark_oak_door":2,"stat.useItem.minecraft.diamond_axe":73,"stat.killEntity.Skeleton":5,"stat.walkOneCm":11558844,"stat.useItem.minecraft.dark_oak_fence":49,"stat.useItem.minecraft.iron_door":7,"stat.useItem.minecraft.carpet":96,"stat.jump":27371,"stat.useItem.minecraft.wooden_button":35,"stat.useItem.minecraft.iron_sword":12,"stat.craftItem.minecraft.magma_cream":1,"stat.useItem.minecraft.cobblestone_wall":21,"stat.useItem.minecraft.coal_block":287,"stat.useItem.minecraft.written_book":103,"stat.deaths":12,"stat.useItem.minecraft.vine":15,"stat.useItem.minecraft.wooden_slab":600,"stat.craftItem.minecraft.blaze_powder":2,"stat.mobKills":153,"stat.useItem.minecraft.stone_stairs":273,"stat.killEntity.Zombie":33,"stat.useItem.minecraft.sign":209,"stat.useItem.minecraft.diamond_hoe":46,"stat.useItem.minecraft.bookshelf":477,"stat.tradedWithVillager":5,"stat.useItem.minecraft.armor_stand":85,"stat.useItem.minecraft.wooden_sword":33,"stat.useItem.minecraft.cauldron":10,"stat.useItem.minecraft.piston":65,"stat.useItem.minecraft.tallgrass":192,"stat.useItem.minecraft.spawn_egg":40,"stat.useItem.minecraft.carrot":1,"stat.useItem.minecraft.trapdoor":44,"stat.sprintOneCm":3329275,"stat.useItem.minecraft.dirt":2486,"stat.killEntity.CaveSpider":17}