{"stat.crouchOneCm":2887,"achievement.exploreAllBiomes":{"value":0,"progress":["Plains","River"]},"stat.useItem.minecraft.iron_bars":11,"achievement.openInventory":31,"stat.climbOneCm":2121,"stat.useItem.minecraft.jungle_door":2,"stat.useItem.minecraft.skull":1,"stat.useItem.minecraft.stonebrick":1,"stat.flyOneCm":325222,"stat.drop":4,"stat.timeSinceDeath":65043,"stat.playOneMinute":65043,"stat.leaveGame":5,"stat.useItem.minecraft.leaves2":3,"stat.walkOneCm":348224,"stat.jump":408,"stat.sprintOneCm":80369,"stat.useItem.minecraft.dirt":1}