{"stat.chestOpened":7,"stat.useItem.minecraft.splash_potion":61,"stat.useItem.minecraft.chain_command_block":16,"stat.pickup.minecraft.bone":8,"stat.useItem.minecraft.sticky_piston":2,"stat.pickup.minecraft.sign":2,"stat.useItem.minecraft.stone":42,"stat.useItem.minecraft.repeater":19,"stat.leaveGame":35,"stat.drop.minecraft.gunpowder":1,"stat.drop.minecraft.redstone":2,"stat.useItem.minecraft.repeating_command_block":13,"stat.pickup.minecraft.gold_nugget":1,"stat.useItem.minecraft.diamond_sword":35,"stat.useItem.minecraft.carpet":1,"stat.useItem.minecraft.glowstone":6,"stat.pickup.minecraft.diamond_sword":1,"stat.killEntity.PigZombie":3,"stat.jump":616,"stat.pickup.minecraft.iron_helmet":1,"stat.useItem.minecraft.planks":1,"stat.pickup.minecraft.glowstone":2,"stat.drop.minecraft.cobblestone":1,"stat.pickup.minecraft.gunpowder":1,"stat.crouchOneCm":11587,"stat.pickup.minecraft.spider_eye":1,"stat.useItem.minecraft.obsidian":1,"stat.useItem.minecraft.dirt":46,"stat.useItem.minecraft.stone_button":15,"stat.drop.minecraft.glowstone":1,"stat.pickup.minecraft.rotten_flesh":5,"stat.drop.minecraft.redstone_torch":1,"stat.brewingstandInteraction":2,"stat.useItem.minecraft.stone_brick_stairs":4,"stat.pickup.minecraft.written_book":1,"stat.pickup.minecraft.cobblestone":1,"stat.killEntity.CaveSpider":1,"stat.useItem.minecraft.anvil":1,"stat.flyOneCm":1977924,"stat.pickup.minecraft.diamond_axe":1,"stat.damageDealt":5722,"stat.pickup.minecraft.redstone":1,"stat.useItem.minecraft.wool":5,"stat.timeSinceDeath":238823,"stat.hopperInspected":8,"stat.useItem.minecraft.sign":9,"stat.useItem.minecraft.spawn_egg":8,"stat.useItem.minecraft.iron_door":34,"stat.useItem.minecraft.command_block":79,"stat.walkOneCm":272795,"stat.useItem.minecraft.torch":2,"stat.trappedChestTriggered":4,"stat.useItem.minecraft.comparator":1,"stat.useItem.minecraft.cobblestone":3,"stat.useItem.minecraft.gravel":3,"stat.pickup.minecraft.string":2,"stat.drop.minecraft.iron_door":2,"stat.useItem.minecraft.redstone_block":3,"stat.useItem.minecraft.redstone":30,"stat.useItem.minecraft.written_book":6,"stat.sprintOneCm":153487,"stat.drop.minecraft.command_block":3,"stat.useItem.minecraft.tallgrass":1,"stat.useItem.minecraft.fence":1,"stat.useItem.minecraft.stone_slab":6,"stat.useItem.minecraft.barrier":3,"stat.useItem.minecraft.wooden_button":3,"stat.killEntity.Spider":2,"stat.mobKills":11,"stat.pickup.minecraft.emerald":1,"stat.pickup.minecraft.diamond_chestplate":1,"stat.useItem.minecraft.stonebrick":35,"stat.useItem.minecraft.monster_egg":9,"stat.drop":11,"stat.pickup.minecraft.iron_door":11,"stat.playOneMinute":238823,"stat.pickup.minecraft.stone_button":1,"stat.useItem.minecraft.nether_brick":1,"stat.sneakTime":14064,"stat.killEntity.Zombie":5}