{"stat.useItem.minecraft.anvil":1,"stat.useItem.minecraft.glass_pane":162,"stat.crouchOneCm":38080,"stat.useItem.minecraft.chest":5,"stat.useItem.minecraft.nether_brick_stairs":1328,"stat.useItem.minecraft.iron_bars":22,"stat.useItem.minecraft.stone_brick_stairs":302,"stat.useItem.minecraft.cobblestone":618,"achievement.exploreAllBiomes":{"value":0,"progress":["Deep Ocean","Plains","River"]},"stat.useItem.minecraft.log":380,"stat.useItem.minecraft.leaves":1,"stat.useItem.minecraft.tnt":4,"stat.useItem.minecraft.spruce_door":1,"stat.useItem.minecraft.melon_block":1,"stat.useItem.minecraft.snowball":177,"stat.useItem.minecraft.stained_glass":45,"stat.useItem.minecraft.dark_oak_stairs":404,"achievement.openInventory":875,"stat.damageDealt":80,"stat.useItem.minecraft.obsidian":2,"stat.useItem.minecraft.fence":66,"stat.useItem.minecraft.spruce_fence":27,"stat.useItem.minecraft.planks":1535,"stat.mineBlock.minecraft.vine":4,"stat.fallOneCm":4275,"stat.flyOneCm":9312968,"stat.useItem.minecraft.prismarine":1,"stat.damageTaken":2120,"stat.useItem.minecraft.torch":85,"stat.useItem.minecraft.milk_bucket":8,"stat.useItem.minecraft.diamond_sword":1,"stat.useItem.minecraft.monster_egg":1794,"stat.useItem.minecraft.oak_stairs":61,"stat.useItem.minecraft.skull":19,"stat.useItem.minecraft.stonebrick":1849,"stat.useItem.minecraft.stone":6042,"stat.useItem.minecraft.dye":4340,"stat.useItem.minecraft.furnace":2,"stat.useItem.minecraft.flower_pot":1,"stat.useItem.minecraft.ladder":32,"stat.useItem.minecraft.double_plant":10,"stat.useItem.minecraft.log2":1729,"stat.useItem.minecraft.flint_and_steel":65,"stat.climbOneCm":43833,"stat.useItem.minecraft.potion":1,"stat.useItem.minecraft.sapling":121,"stat.drop":61,"stat.leaveGame":39,"stat.diveOneCm":15356,"stat.useItem.minecraft.glowstone":34,"stat.useItem.minecraft.lever":3,"stat.useItem.minecraft.glass":74,"stat.useItem.minecraft.stone_slab":612,"stat.timeSinceDeath":1302750,"stat.useItem.minecraft.barrier":400,"stat.useItem.minecraft.ender_eye":11,"stat.useItem.minecraft.gravel":770,"stat.playOneMinute":1674149,"stat.useItem.minecraft.wool":4,"stat.useItem.minecraft.nether_brick":487,"stat.useItem.minecraft.pumpkin":2,"stat.deaths":1,"stat.useItem.minecraft.written_book":25,"stat.useItem.minecraft.wooden_slab":707,"stat.swimOneCm":5199,"stat.useItem.minecraft.dark_oak_door":1,"stat.walkOneCm":3615052,"stat.useItem.minecraft.stone_stairs":228,"stat.useItem.minecraft.sign":1,"stat.useItem.minecraft.carpet":69,"stat.jump":8041,"stat.useItem.minecraft.trapdoor":7,"stat.sprintOneCm":673013,"stat.useItem.minecraft.dirt":2812}