{
    "pools": [
        {
			"rolls": {
				"min": 3,
				"max": 3
			},
			"entries": [
				{
					"type": "item",
					"name": "minecraft:cooked_beef",
					"weight": 4,
					"functions": [
						{
							"function": "set_count",
							"count": {
								"min": 2,
								"max": 5
								}
							}
						]	
					},
				{
					"type": "item",
					"name": "minecraft:experience_bottle",
					"weight": 3,
					"functions": [
						{
							"function": "set_count",
							"count": {
								"min": 8,
								"max": 12
								}
							}
						]	
					},
				{
					"type": "empty",
					"weight": 2
					}
			]
		},
		{
            "rolls": {
                "min": 1,
                "max": 2
            },
            "entries": [
                {
                    "type": "loot_table",
                    "name": "aos:equipment/frostula_fang",
                    "weight": 4
                },
				{
                    "type": "loot_table",
                    "name": "aos:equipment/ice_pick",
                    "weight": 4
                },
				{
                    "type": "loot_table",
                    "name": "aos:equipment/snow_launcher",
                    "weight": 2
                },
				{
                    "type": "loot_table",
                    "name": "aos:equipment/packed_puncher",
                    "weight": 2
                },
				{
                    "type": "loot_table",
                    "name": "aos:equipment/bearskin_shield",
                    "weight": 4
                },
				{
                    "type": "loot_table",
                    "name": "aos:equipment/arctic_hood",
                    "weight": 3
                },
				{
                    "type": "loot_table",
                    "name": "aos:equipment/polar_bear_hide",
                    "weight": 3
                },
				{
                    "type": "loot_table",
                    "name": "aos:equipment/snow_legplates",
                    "weight": 3
                },
				{
                    "type": "loot_table",
                    "name": "aos:equipment/inuit_footwear",
                    "weight": 3
                },
				{
                    "type": "loot_table",
                    "name": "aos:equipment/headlamped_helmet",
                    "weight": 3
                },
				{
                    "type": "loot_table",
                    "name": "aos:equipment/miner_overalls",
                    "weight": 3
                },
				{
                    "type": "loot_table",
                    "name": "aos:equipment/rough_pants",
                    "weight": 3
                },
				{
                    "type": "loot_table",
                    "name": "aos:equipment/frost_walkers",
                    "weight": 3
                },
				{
                    "type": "loot_table",
                    "name": "aos:equipment/potion/mid/random_potion",
                    "weight": 40
                }
            ]
        }
    ]
}