{
    "pools": [
        {
			"rolls": {
				"min": 4,
				"max": 4
			},
			"entries": [
				{
					"type": "item",
					"name": "minecraft:cooked_beef",
					"weight": 4,
					"functions": [
						{
							"function": "set_count",
							"count": {
								"min": 2,
								"max": 5
								}
							}
						]	
					},
				{
					"type": "item",
					"name": "minecraft:experience_bottle",
					"weight": 3,
					"functions": [
						{
							"function": "set_count",
							"count": {
								"min": 8,
								"max": 12
								}
							}
						]	
					},
				{
					"type": "empty",
					"weight": 2
					}
			]
		},
		{
            "rolls": {
                "min": 2,
                "max": 2
            },
            "entries": [
                {
                    "type": "loot_table",
                    "name": "aos:equipment/ice_blade",
                    "weight": 4
                },
				{
                    "type": "loot_table",
                    "name": "aos:equipment/axe_of_the_cold_night",
                    "weight": 4
                },
				{
                    "type": "loot_table",
                    "name": "aos:equipment/bow_and_icicles",
                    "weight": 4
                },
				{
                    "type": "loot_table",
                    "name": "aos:equipment/ice_spike_shield",
                    "weight": 4
                },
				{
                    "type": "loot_table",
                    "name": "aos:equipment/frozen_skull",
                    "weight": 6
                },
				{
                    "type": "loot_table",
                    "name": "aos:equipment/sheet_chainmail",
                    "weight": 6
                },
				{
                    "type": "loot_table",
                    "name": "aos:equipment/icicle_greaves",
                    "weight": 6
                },
				{
                    "type": "loot_table",
                    "name": "aos:equipment/permafrosted_boots",
                    "weight": 6
                },
				{
                    "type": "loot_table",
                    "name": "aos:equipment/potion/late/random_potion",
                    "weight": 40
                }
            ]
        }
    ]
}