{
    "pools": [
        {
            "rolls": 1,
            "entries": [
                {
                    "type": "item",
                    "name": "minecraft:lingering_potion",
                    "weight": 1,
                    "functions": [
						{
							"function": "set_nbt",
							"tag": "{display:{Name:\"§rLingering Decay\",Lore:[\"\",\"§7When applied:\",\"§7 Up to 120 Magic Damage over a period of up to one minute\",\"§7 -15% speed for up to one minute\",\"§7 -4 Attack Damage for up to one minute\"]},HideFlags:63,CustomPotionEffects:[{Id:20,Amplifier:2,Duration:1200},{Id:2,Amplifier:0,Duration:1200},{Id:18,Amplifier:0,Duration:1200}]}"
						}
                    ]
                }
            ]
        }
    ]
}