{
    "pools": [
        {
            "rolls": {
                "min": 1,
                "max": 1
            },
            "entries": [
                {
                    "type": "loot_table",
                    "name": "aos:equipment/potion/late/greater_splash_healing",
                    "weight": 1
                },
				{
                    "type": "loot_table",
                    "name": "aos:equipment/potion/late/lingering_decay",
                    "weight": 1
                },
				{
                    "type": "loot_table",
                    "name": "aos:equipment/potion/late/greater_regeneration_potion",
                    "weight": 1
                },
				{
                    "type": "loot_table",
                    "name": "aos:equipment/potion/late/warmonger_potion",
                    "weight": 1
                },
				{
                    "type": "loot_table",
                    "name": "aos:equipment/potion/late/tank_potion",
                    "weight": 1
                }
            ]
        }
    ]
}