{
    "pools": [
        {
            "rolls": 1,
            "entries": [
                {
                    "type": "item",
                    "name": "minecraft:potion",
                    "weight": 1,
                    "functions": [
						{
							"function": "set_nbt",
							"tag": "{display:{Name:\"§rTank Potion\",Lore:[\"\",\"§7When consumed:\",\"§7 +60% Damage Resistance for two and a half minutes\"]},HideFlags:63,CustomPotionEffects:[{Id:11,Amplifier:2,Duration:3000}]}"
						}
                    ]
                }
            ]
        }
    ]
}