{
    "pools": [
        {
            "rolls": 1,
            "entries": [
                {
                    "type": "item",
                    "name": "minecraft:potion",
                    "weight": 1,
                    "functions": [
						{
							"function": "set_nbt",
							"tag": "{display:{Name:\"§rWarmonger Potion\",Lore:[\"\",\"§7When consumed:\",\"§7 +6 Attack Damage\",\"§7 +20% Movement Speed\",\"§7 +30% Attack Speed\",\"§7Effects last for three minutes\"]},HideFlags:63,CustomPotionEffects:[{Id:5,Amplifier:1,Duration:3600},{Id:1,Amplifier:0,Duration:3600},{Id:3,Amplifier:2,Duration:3600}]}"
						}
                    ]
                }
            ]
        }
    ]
}