{"stat.beaconInteraction":2,"stat.useItem.minecraft.bow":41,"stat.leaveGame":149,"stat.useItem.minecraft.bookshelf":39,"stat.drop.minecraft.redstone":1,"stat.pickup.minecraft.lapis_block":67,"stat.useItem.minecraft.glowstone":73,"stat.useItem.minecraft.planks":397,"stat.craftItem.minecraft.shield":1,"stat.craftItem.minecraft.stone_pressure_plate":4,"stat.drop.minecraft.redstone_torch":3,"stat.pickup.minecraft.sand":2816,"stat.useItem.minecraft.rail":9,"stat.craftItem.minecraft.cobblestone_wall":5,"stat.aviateOneCm":41762,"stat.useItem.minecraft.anvil":1,"stat.hopperInspected":15,"stat.useItem.minecraft.iron_pickaxe":1,"stat.useItem.minecraft.spawn_egg":51,"stat.pickup.minecraft.stained_hardened_clay":6,"stat.craftItem.minecraft.iron_door":2,"stat.trappedChestTriggered":178,"stat.useItem.minecraft.oak_stairs":35,"stat.craftItem.minecraft.acacia_stairs":23,"stat.useItem.minecraft.dark_oak_stairs":116,"stat.pickup.minecraft.wooden_button":14,"stat.drop.minecraft.stone_slab":1,"stat.mineBlock.minecraft.lapis_block":1,"stat.useItem.minecraft.redstone":210,"achievement.mineWood":52,"stat.useItem.minecraft.stained_glass":223,"stat.pickup.minecraft.iron_chestplate":9,"stat.useItem.minecraft.fence":3,"stat.useItem.minecraft.stone_stairs":581,"achievement.openInventory":1713,"stat.useItem.minecraft.wooden_button":22,"stat.craftItem.minecraft.dropper":13,"stat.pickup.minecraft.emerald":1253,"stat.pickup.minecraft.lever":1,"stat.deaths":72,"stat.playOneMinute":1873285,"stat.pickup.minecraft.beacon":1,"stat.pickup.minecraft.iron_bars":98,"stat.craftItem.minecraft.repeater":264,"stat.drop.minecraft.iron_ingot":576,"stat.pickup.minecraft.netherrack":1,"stat.chestOpened":271,"stat.craftItem.minecraft.sign":177,"stat.useItem.minecraft.stone":177,"stat.craftItem.minecraft.carpet":24,"stat.pickup.minecraft.arrow":128,"stat.pickup.minecraft.wooden_pressure_plate":72,"stat.craftItem.minecraft.dark_oak_stairs":13,"stat.pickup.minecraft.detector_rail":2195,"stat.craftItem.minecraft.quartz_block":713,"stat.useItem.minecraft.experience_bottle":28,"stat.fallOneCm":48327,"stat.useItem.minecraft.trapped_chest":43,"stat.crouchOneCm":114158,"stat.pickup.minecraft.rail":2104,"stat.pickup.minecraft.dropper":2,"stat.craftItem.minecraft.banner":226,"stat.craftItem.minecraft.chest":33,"stat.craftItem.minecraft.hopper":15,"stat.useItem.minecraft.emerald_ore":2,"stat.craftingTableInteraction":2,"stat.dropperInspected":67,"stat.pickup.minecraft.repeater":22,"stat.useItem.minecraft.dark_oak_fence":18,"stat.craftItem.minecraft.wooden_button":30,"stat.pickup.minecraft.dye":1387,"stat.pickup.minecraft.planks":62,"stat.useItem.minecraft.enchanting_table":4,"stat.useItem.minecraft.wool":1094,"stat.craftItem.minecraft.oak_stairs":8,"stat.useItem.minecraft.iron_bars":8,"stat.mineBlock.minecraft.monster_egg":1,"stat.pickup.minecraft.flint_and_steel":50,"stat.useItem.minecraft.torch":18,"stat.craftItem.minecraft.redstone_block":134,"stat.craftItem.minecraft.stone_stairs":13,"stat.useItem.minecraft.log":67,"stat.useItem.minecraft.comparator":3,"stat.useItem.minecraft.cobblestone":114,"stat.craftItem.minecraft.crafting_table":1,"stat.pickup.minecraft.redstone_block":9,"stat.pickup.minecraft.log":1,"stat.drop.minecraft.sign":1,"stat.pickup.minecraft.bedrock":1,"stat.pickup.minecraft.iron_pickaxe":42,"stat.pickup.minecraft.banner":3,"stat.craftItem.minecraft.planks":89,"stat.useItem.minecraft.barrier":42,"stat.pickup.minecraft.diamond_helmet":1,"stat.craftItem.minecraft.dirt":20,"stat.drop.minecraft.dropper":1,"stat.useItem.minecraft.wooden_pressure_plate":10,"stat.useItem.minecraft.stonebrick":1392,"stat.useItem.minecraft.monster_egg":79,"stat.sneakTime":17659,"stat.pickup.minecraft.wool":1323,"stat.pickup.minecraft.stone_slab":2,"stat.craftItem.minecraft.trapped_chest":30,"stat.pickup.minecraft.golden_rail":2284,"stat.useItem.minecraft.web":56,"stat.pickup.minecraft.tripwire_hook":2174,"stat.useItem.minecraft.lapis_block":145,"stat.craftItem.minecraft.sticky_piston":17,"stat.pickup.minecraft.redstone_torch":26,"stat.pickup.minecraft.bookshelf":192,"stat.useItem.minecraft.repeater":137,"stat.craftItem.minecraft.quartz_stairs":114,"stat.useItem.minecraft.skull":4,"stat.craftItem.minecraft.stone_brick_stairs":71,"stat.useItem.minecraft.diamond_sword":130,"stat.craftItem.minecraft.wool":106,"stat.craftItem.minecraft.iron_trapdoor":9,"stat.swimOneCm":4688,"stat.pickup.minecraft.cooked_porkchop":576,"stat.craftItem.minecraft.gold_block":29,"stat.useItem.minecraft.obsidian":86,"stat.useItem.minecraft.redstone_torch":61,"stat.pickup.minecraft.sticky_piston":2186,"stat.pickup.minecraft.bow":38,"achievement.exploreAllBiomes":{"value":0,"progress":["Plains","The End"]},"stat.craftItem.minecraft.furnace":90,"stat.craftItem.minecraft.lapis_block":49,"stat.drop.minecraft.end_crystal":1,"stat.pickup.minecraft.enchanting_table":36,"stat.pickup.minecraft.anvil":30,"stat.pickup.minecraft.tnt_minecart":83,"stat.pickup.minecraft.cobblestone":3328,"stat.flyOneCm":12549178,"stat.craftItem.minecraft.wooden_slab":59,"stat.craftItem.minecraft.stained_glass":6,"stat.pickup.minecraft.redstone":62,"stat.craftItem.minecraft.emerald_block":20,"stat.craftItem.minecraft.dispenser":9,"stat.timeSinceDeath":146,"stat.useItem.minecraft.sign":98,"stat.useItem.minecraft.wooden_slab":23,"stat.craftItem.minecraft.iron_block":56,"stat.craftItem.minecraft.stonebrick":398,"stat.useItem.minecraft.lever":5,"stat.pickup.minecraft.cake":9,"stat.pickup.minecraft.wooden_axe":1,"stat.pickup.minecraft.stonebrick":11929,"stat.pickup.minecraft.carpet":1,"stat.pickup.minecraft.diamond_shovel":35,"stat.drop.minecraft.wool":1,"stat.killEntity.Creeper":46,"stat.pickup.minecraft.string":2118,"stat.craftItem.minecraft.brick_block":92,"stat.useItem.minecraft.sea_lantern":249,"stat.drop.minecraft.obsidian":1,"stat.useItem.minecraft.dropper":8,"stat.sprintOneCm":1650144,"stat.useItem.minecraft.diamond_block":5,"stat.useItem.minecraft.stone_slab":68,"stat.craftItem.minecraft.stained_hardened_clay":24,"stat.craftItem.minecraft.stone":61,"stat.pickup.minecraft.grass":2752,"stat.useItem.minecraft.stone_pressure_plate":29,"stat.useItem.minecraft.ender_eye":12,"stat.craftItem.minecraft.wooden_pressure_plate":28,"stat.pickup.minecraft.spawn_egg":53,"stat.drop":37,"stat.useItem.minecraft.banner":69,"stat.drop.minecraft.redstone_block":1,"stat.pickup.minecraft.iron_block":21,"stat.pickup.minecraft.fire_charge":4234,"stat.diveOneCm":2807,"stat.craftItem.minecraft.piston":1,"stat.useItem.minecraft.sticky_piston":16,"stat.pickup.minecraft.sign":41,"stat.useItem.minecraft.tnt_minecart":105,"stat.useItem.minecraft.carpet":23,"stat.useItem.minecraft.potion":3,"stat.pickup.minecraft.stone_brick_stairs":3,"stat.craftItem.minecraft.brick_stairs":108,"stat.useItem.minecraft.bedrock":663,"stat.jump":9082,"stat.useItem.minecraft.iron_trapdoor":1,"stat.useItem.minecraft.sand":328,"stat.pickup.minecraft.fence":24,"stat.pickup.minecraft.iron_helmet":6,"stat.pickup.minecraft.iron_ingot":2033,"stat.craftItem.minecraft.lever":6,"stat.useItem.minecraft.piston":14,"stat.craftItem.minecraft.torch":8,"stat.useItem.minecraft.stone_button":12,"stat.pickup.minecraft.experience_bottle":3392,"stat.useItem.minecraft.dispenser":45,"stat.pickup.minecraft.command_block":4,"stat.craftItem.minecraft.flint_and_steel":15,"stat.useItem.minecraft.redstone_lamp":2,"stat.pickup.minecraft.iron_axe":40,"stat.damageTaken":6120,"stat.craftItem.minecraft.iron_bars":128,"stat.useItem.minecraft.stone_brick_stairs":120,"stat.dispenserInspected":9,"stat.pickup.minecraft.end_crystal":1,"stat.craftItem.minecraft.comparator":16,"stat.pickup.minecraft.log2":2775,"stat.craftItem.minecraft.glowstone":21,"stat.useItem.minecraft.end_portal_frame":13,"stat.pickup.minecraft.quartz_block":9794,"stat.pickup.minecraft.emerald_block":192,"stat.pickup.minecraft.diamond_axe":35,"stat.damageDealt":10900,"stat.craftItem.minecraft.anvil":3,"stat.useItem.minecraft.crafting_table":6,"stat.craftItem.minecraft.stone_slab":254,"stat.pickup.minecraft.piston":2251,"stat.useItem.minecraft.command_block":347,"stat.walkOneCm":4166194,"stat.useItem.minecraft.chest":54,"stat.pickup.minecraft.diamond_pickaxe":36,"stat.pickup.minecraft.spectral_arrow":90,"stat.useItem.minecraft.tnt":1,"stat.useItem.minecraft.emerald_block":32,"stat.useItem.minecraft.redstone_block":322,"stat.pickup.minecraft.tnt":2127,"stat.useItem.minecraft.spruce_stairs":13,"stat.useItem.minecraft.stained_hardened_clay":416,"stat.craftItem.minecraft.redstone":313,"stat.drop.minecraft.command_block":1,"stat.pickup.minecraft.cooked_beef":1152,"stat.pickup.minecraft.gold_ingot":982,"stat.craftItem.minecraft.stained_glass_pane":40,"stat.useItem.minecraft.iron_block":186,"stat.craftItem.minecraft.tnt":13,"stat.mobKills":46,"stat.craftItem.minecraft.fence":13,"stat.pickup.minecraft.water_bucket":25,"stat.useItem.minecraft.cobblestone_wall":56,"stat.drop.minecraft.quartz_block":4,"stat.pickup.minecraft.elytra":6,"stat.pickup.minecraft.lava_bucket":28}