{"stat.useItem.minecraft.brick_stairs":63,"stat.useItem.minecraft.lapis_block":30,"stat.useItem.minecraft.quartz_block":318,"stat.useItem.minecraft.repeater":506,"stat.leaveGame":57,"stat.useItem.minecraft.soul_sand":9,"stat.useItem.minecraft.diamond_sword":395,"stat.killEntity.PigZombie":30,"stat.useItem.minecraft.planks":496,"stat.climbOneCm":5947,"stat.useItem.minecraft.nether_brick_stairs":234,"stat.entityKilledBy.PigZombie":11,"stat.useItem.minecraft.obsidian":3076,"stat.useItem.minecraft.redstone_torch":95,"stat.useItem.minecraft.dirt":2383,"achievement.exploreAllBiomes":{"value":0,"progress":["Plains","Desert"]},"stat.useItem.minecraft.leaves2":3,"stat.useItem.minecraft.anvil":11,"stat.flyOneCm":11936519,"stat.killEntity.Villager":38,"stat.timeSinceDeath":11081,"stat.hopperInspected":48,"stat.useItem.minecraft.sign":112,"stat.useItem.minecraft.iron_pickaxe":8,"stat.useItem.minecraft.spawn_egg":9,"stat.useItem.minecraft.wooden_slab":726,"stat.useItem.minecraft.iron_door":86,"stat.trappedChestTriggered":1,"stat.useItem.minecraft.lever":2,"stat.useItem.minecraft.potato":2,"stat.useItem.minecraft.oak_stairs":21,"stat.furnaceInteraction":32,"stat.talkedToVillager":183,"stat.useItem.minecraft.cooked_mutton":5,"stat.useItem.minecraft.redstone":728,"stat.useItem.minecraft.sea_lantern":3,"stat.useItem.minecraft.written_book":835,"stat.useItem.minecraft.trapdoor":8,"stat.sprintOneCm":427571,"stat.useItem.minecraft.stained_glass":30,"stat.useItem.minecraft.fence":55,"stat.useItem.minecraft.stone_stairs":124,"stat.useItem.minecraft.stone_slab":232,"stat.useItem.minecraft.bed":30,"achievement.openInventory":1414,"stat.useItem.minecraft.wooden_button":3,"stat.useItem.minecraft.stone_pressure_plate":102,"stat.useItem.minecraft.diamond_pickaxe":1,"stat.useItem.minecraft.hopper":13,"stat.deaths":17,"stat.drop":55,"stat.playOneMinute":2553330,"stat.useItem.minecraft.ladder":8,"stat.craftItem.minecraft.iron_pickaxe":1,"stat.craftItem.minecraft.emerald":348,"stat.killEntity.Zombie":19,"stat.useItem.minecraft.birch_stairs":32,"stat.chestOpened":130,"stat.useItem.minecraft.sticky_piston":9,"stat.mineBlock.minecraft.stone_button":1,"stat.useItem.minecraft.quartz_stairs":252,"stat.mineBlock.minecraft.deadbush":2,"stat.useItem.minecraft.carpet":15,"stat.craftItem.minecraft.diamond_sword":1,"stat.useItem.minecraft.bedrock":34,"stat.jump":4166,"stat.useItem.minecraft.sand":3005,"stat.fallOneCm":7642,"stat.useItem.minecraft.trapped_chest":2,"stat.useItem.minecraft.piston":5,"stat.crouchOneCm":146955,"stat.craftItem.minecraft.iron_ingot":55,"stat.useItem.minecraft.stone_button":24,"stat.craftingTableInteraction":3,"stat.useItem.minecraft.dispenser":11,"stat.mineBlock.minecraft.iron_bars":9,"stat.damageTaken":3695,"stat.useItem.minecraft.gold_block":65,"stat.dispenserInspected":5,"stat.useItem.minecraft.furnace":20,"stat.tradedWithVillager":53,"stat.useItem.minecraft.carrot_on_a_stick":129,"stat.damageDealt":46738,"stat.useItem.minecraft.wool":88,"stat.useItem.minecraft.crafting_table":7,"stat.useItem.minecraft.iron_bars":1604,"stat.useItem.minecraft.command_block":1120,"stat.walkOneCm":2844941,"stat.useItem.minecraft.torch":441,"stat.useItem.minecraft.bread":2,"stat.useItem.minecraft.chest":74,"stat.useItem.minecraft.comparator":147,"stat.useItem.minecraft.redstone_block":154,"stat.useItem.minecraft.item_frame":6,"stat.useItem.minecraft.spruce_stairs":68,"stat.useItem.minecraft.stained_hardened_clay":174,"stat.useItem.minecraft.leaves":11,"stat.useItem.minecraft.tallgrass":27,"stat.useItem.minecraft.deadbush":98,"stat.useItem.minecraft.iron_sword":45,"stat.useItem.minecraft.barrier":69,"stat.useItem.minecraft.iron_block":566,"stat.mobKills":141,"stat.useItem.minecraft.wooden_pressure_plate":3,"stat.useItem.minecraft.stonebrick":742,"stat.useItem.minecraft.sandstone":92}