{
    "pools": [
        {
            "rolls": 1,
            "entries": [
                {
                    "type": "item",
                    "name": "minecraft:potion",
                    "weight": 1,
                    "functions": [
						{
							"function": "set_nbt",
							"tag": "{display:{Name:\"§rAbsorption Potion\",Lore:[\"\",\"§7When consumed:\",\"§7 +20 Absorption Health for three minutes\"]},HideFlags:63,CustomPotionEffects:[{Id:22,Amplifier:4,Duration:3600}]}"
						}
                    ]
                }
            ]
        }
    ]
}