{
    "pools": [
        {
            "rolls": 1,
            "entries": [
                {
                    "type": "item",
                    "name": "minecraft:potion",
                    "weight": 1,
                    "functions": [
						{
							"function": "set_nbt",
							"tag": "{display:{Name:\"§rRegeneration Potion\",Lore:[\"\",\"§7When consumed:\",\"§7 20 Healing over a period of 12 seconds\"]},HideFlags:63,CustomPotionEffects:[{Id:10,Amplifier:2,Duration:240}]}"
						}
                    ]
                }
            ]
        }
    ]
}