{"stat.chestOpened":14,"stat.useItem.minecraft.bow":3,"stat.useItem.minecraft.quartz_block":64,"stat.useItem.minecraft.stone":34,"stat.useItem.minecraft.jungle_fence":7,"stat.leaveGame":45,"stat.useItem.minecraft.glowstone":326,"stat.useItem.minecraft.bedrock":166,"stat.jump":2090,"stat.swimOneCm":4327,"stat.crouchOneCm":24909,"stat.useItem.minecraft.obsidian":28,"stat.useItem.minecraft.redstone_torch":1,"stat.useItem.minecraft.dirt":228,"stat.pickup.minecraft.dirt":1,"stat.useItem.minecraft.stone_button":47,"stat.useItem.minecraft.light_weighted_pressure_plate":3,"stat.useItem.minecraft.water_bucket":18,"stat.useItem.minecraft.dark_oak_fence":75,"stat.useItem.minecraft.reeds":12,"stat.useItem.minecraft.gold_block":1,"stat.useItem.minecraft.acacia_door":2,"stat.pickup.minecraft.reeds":12,"stat.useItem.minecraft.anvil":1,"stat.flyOneCm":2046154,"stat.useItem.minecraft.magma":330,"stat.sleepInBed":2,"stat.timeSinceDeath":216234,"stat.hopperInspected":3,"stat.useItem.minecraft.sign":40,"stat.useItem.minecraft.spawn_egg":117,"stat.useItem.minecraft.wooden_slab":3,"stat.useItem.minecraft.command_block":290,"stat.walkOneCm":227426,"stat.useItem.minecraft.torch":217,"stat.useItem.minecraft.chest":4,"stat.useItem.minecraft.log":6,"stat.useItem.minecraft.comparator":5,"stat.useItem.minecraft.gravel":1,"stat.drop.minecraft.dirt":1,"stat.useItem.minecraft.jungle_fence_gate":2,"stat.useItem.minecraft.redstone_block":4,"stat.useItem.minecraft.redstone":13,"stat.useItem.minecraft.item_frame":2,"stat.useItem.minecraft.sea_lantern":26,"stat.useItem.minecraft.written_book":4,"stat.useItem.minecraft.stained_hardened_clay":56,"stat.sprintOneCm":239922,"stat.useItem.minecraft.stained_glass":116,"stat.useItem.minecraft.concrete":129,"stat.useItem.minecraft.netherrack":4,"stat.useItem.minecraft.birch_door":2,"stat.useItem.minecraft.bed":1,"stat.useItem.minecraft.flint_and_steel":1,"stat.useItem.minecraft.hopper":11,"stat.deaths":1,"stat.drop":1,"stat.playOneMinute":276928,"stat.pickup.minecraft.stone_button":2,"stat.pickup.minecraft.torch":3,"stat.sneakTime":19466,"stat.diveOneCm":4523}