{
    "pools": [
        {
			"conditions": [
                {
                    "condition": "random_chance_with_looting",
                    "chance": 1,
					"looting_multiplier": 0.01
                }
            ],
            "rolls": {
                "min": 1,
                "max": 1
            },
			"entries": [
			{
                    "type": "item",
                    "name": "minecraft:iron_pickaxe",
                    "weight": 1,
                    "functions": [
						{
							"function": "set_nbt",
							"tag": "{display:{Name:\"§rIron Pickaxe\",Lore:[\"§b§oCan destroy the iron blocks holding the bridge up\"]},Unbreakable:1,HideFlags:63,CanDestroy:[\"minecraft:iron_block\"]}"
						}
                    ]
				}
			]
		}
    ]
}
	