{
    "pools": [
        {
			"conditions": [
                {
                    "condition": "random_chance_with_looting",
                    "chance": 1,
					"looting_multiplier": 0.01
                }
            ],
            "rolls": {
                "min": 1,
                "max": 1
            },
			"entries": [
			{
                    "type": "item",
                    "name": "minecraft:tnt",
                    "weight": 1,
                    "functions": [
						{
							"function": "set_nbt",
							"tag": "{display:{Name:\"§rTNT\",Lore:[\"§b§oPlace on moss stone to blow up each boulder\"]},HideFlags:63,CanPlaceOn:[\"minecraft:mossy_cobblestone\"]}"
						}
                    ]
				}
			]
		}
    ]
}
	