{
    "pools": [
        {
			"conditions": [
                {
                    "condition": "random_chance_with_looting",
                    "chance": 1,
					"looting_multiplier": 0
                }
            ],
            "rolls": {
                "min": 1,
                "max": 1
            },
            "entries": [
				{
                    "type": "item",
                    "name": "minecraft:ghast_tear",
                    "weight": 1,
                    "functions": [
						{
							"function": "set_count",
							"count": {
								"min": 1,
								"max": 1
							}
						}
                    ]
                }
            ]
        }
    ]
}