{
    "pools": [
        {
			"conditions": [
                {
                    "condition": "random_chance_with_looting",
                    "chance": 1,
					"looting_multiplier": 0
                }
            ],
            "rolls": {
                "min": 1,
                "max": 1
            },
			"entries": [
			{
                    "type": "item",
                    "name": "minecraft:paper",
                    "weight": 1,
                    "functions": [
						{
							"function": "set_nbt",
							"tag": "{display:{Name:\"§rCannon Code\",Lore:[\"§b§oPut four of these in the cannon to deactivate it\"]},HideFlags:63}"
						}
                    ]
                }
			]	
		}
    ]
}