{
    "pools": [
		{
			"conditions": [
                {
                    "condition": "random_chance_with_looting",
                    "chance": 1,
					"looting_multiplier": 0
                }
            ],
            "rolls": {
                "min": 1,
                "max": 1
            },
            "entries": [
				{
                    "type": "item",
                    "name": "minecraft:stained_glass",
                    "weight": 1,
                    "functions": [
						{
							"function": "set_count",
							"count": {
								"min": 1,
								"max": 1
							}
						},
						{
							"function": "set_data",
							"data": 9
						},
						{
							"function": "set_nbt",
							"tag": "{display:{Name:\"Cyan key\",Lore:[\"Place in the cyan keyhole to progress\"]},CanPlaceOn:[\"minecraft:iron_block\"],HideFlags:16}"
						}
                    ]
                }
            ]
        }
    ]
}