{"stat.useItem.minecraft.bow":153,"stat.pickup.minecraft.repeating_command_block":1,"stat.drop.minecraft.armor_stand":3,"stat.useItem.minecraft.end_bricks":684,"stat.useItem.minecraft.chain_command_block":3521,"stat.useItem.minecraft.quartz_block":3816,"stat.useItem.minecraft.painting":103,"stat.leaveGame":285,"stat.useItem.minecraft.bookshelf":732,"stat.pickup.minecraft.jungle_fence":1,"stat.drop.minecraft.redstone":6,"stat.useItem.minecraft.repeating_command_block":217,"stat.useItem.minecraft.glowstone":80,"stat.drop.minecraft.shield":3,"stat.drop.minecraft.trapdoor":1,"stat.drop.minecraft.skull":3,"stat.useItem.minecraft.planks":1540,"stat.craftItem.minecraft.shield":1,"stat.drop.minecraft.coal_block":6,"stat.useItem.minecraft.red_sandstone_stairs":1,"stat.drop.minecraft.iron_sword":3,"stat.pickup.minecraft.rotten_flesh":2,"stat.drop.minecraft.redstone_torch":7,"stat.useItem.minecraft.red_nether_brick":21,"stat.useItem.minecraft.rail":2,"stat.useItem.minecraft.anvil":13,"stat.drop.minecraft.sand":2,"stat.drop.minecraft.tnt":13,"stat.useItem.minecraft.spawn_egg":674,"stat.useItem.minecraft.oak_stairs":104,"stat.useItem.minecraft.dark_oak_stairs":130,"stat.drop.minecraft.red_flower":3,"stat.drop.minecraft.stone_slab":1,"stat.useItem.minecraft.redstone":31,"stat.drop.minecraft.stained_hardened_clay":13,"stat.drop.minecraft.wooden_button":4,"stat.useItem.minecraft.red_sandstone":2187,"stat.useItem.minecraft.trapdoor":140,"stat.useItem.minecraft.stained_glass":310,"stat.useItem.minecraft.fence":43,"stat.useItem.minecraft.dark_oak_door":143,"achievement.openInventory":2142,"stat.useItem.minecraft.cauldron":14,"stat.useItem.minecraft.wooden_button":12,"stat.pickup.minecraft.acacia_stairs":1,"stat.drop.minecraft.netherbrick":2,"stat.useItem.minecraft.dye":47,"stat.deaths":56,"stat.drop.minecraft.chain_command_block":596,"stat.playOneMinute":5938444,"stat.useItem.minecraft.jungle_stairs":584,"stat.useItem.minecraft.nether_brick":377,"stat.pickup.minecraft.iron_bars":1,"stat.chestOpened":55,"stat.useItem.minecraft.stone":13187,"stat.useItem.minecraft.jungle_fence":39,"stat.pickup.minecraft.arrow":319,"stat.drop.minecraft.banner":1,"stat.useItem.minecraft.packed_ice":4,"stat.fallOneCm":140418,"stat.drop.minecraft.stone":146,"stat.drop.minecraft.dye":3,"stat.crouchOneCm":817864,"stat.useItem.minecraft.nether_brick_fence":2,"stat.craftItem.minecraft.banner":3,"stat.craftingTableInteraction":4,"stat.drop.minecraft.stained_glass_pane":5,"stat.drop.minecraft.bone":28,"stat.pickup.minecraft.planks":3,"stat.drop.minecraft.minecart":1,"stat.drop.minecraft.jungle_fence":1,"stat.drop.minecraft.spruce_fence":2,"stat.drop.minecraft.carpet":3,"stat.useItem.minecraft.wool":136,"stat.drop.minecraft.reeds":1,"stat.useItem.minecraft.iron_bars":133,"stat.flowerPotted":3,"stat.useItem.minecraft.bone_block":405,"stat.useItem.minecraft.log":272,"stat.useItem.minecraft.cobblestone":2,"stat.drop.minecraft.end_stone":1,"stat.killEntity.LavaSlime":3,"stat.minecartOneCm":9594,"stat.pickup.minecraft.redstone_block":3,"stat.drop.minecraft.sign":27,"stat.useItem.minecraft.nether_wart_block":8,"stat.drop.minecraft.iron_door":5,"stat.useItem.minecraft.yellow_flower":26,"stat.drop.minecraft.planks":18,"stat.drop.minecraft.sapling":2,"stat.useItem.minecraft.tallgrass":25,"stat.useItem.minecraft.glass_pane":14,"stat.drop.minecraft.bow":13,"stat.useItem.minecraft.barrier":1201,"stat.drop.minecraft.acacia_door":1,"stat.useItem.minecraft.stonebrick":196,"stat.useItem.minecraft.wooden_door":1,"stat.pickup.minecraft.iron_door":2,"stat.drop.minecraft.bone_block":1,"stat.sneakTime":420623,"stat.drop.minecraft.sea_lantern":5,"stat.drop.minecraft.grass":4,"stat.useItem.minecraft.lapis_block":10,"stat.pickup.minecraft.bone":292,"stat.pickup.minecraft.redstone_torch":2,"stat.drop.minecraft.stone_shovel":1,"stat.useItem.minecraft.log2":313,"stat.useItem.minecraft.skull":57,"stat.swimOneCm":621,"stat.drop.minecraft.end_bricks":3,"stat.useItem.minecraft.snow":4,"stat.climbOneCm":27773,"stat.drop.minecraft.sticky_piston":2,"stat.useItem.minecraft.end_rod":277,"stat.drop.minecraft.cobblestone":1,"stat.useItem.minecraft.coal_block":98,"stat.useItem.minecraft.redstone_torch":15,"stat.useItem.minecraft.dirt":997,"stat.useItem.minecraft.stone_slab2":329,"stat.pickup.minecraft.bow":13,"achievement.exploreAllBiomes":{"value":0,"progress":["Forest","River","Plains","Swampland"]},"stat.useItem.minecraft.red_flower":6,"stat.drop.minecraft.iron_trapdoor":12,"stat.pickup.minecraft.anvil":1,"stat.drop.minecraft.quartz_stairs":3,"stat.drop.minecraft.fence":2,"stat.flyOneCm":38311687,"stat.pickup.minecraft.chain_command_block":7,"stat.timeSinceDeath":85030,"stat.useItem.minecraft.sign":131,"stat.cauldronFilled":7,"stat.useItem.minecraft.wooden_slab":30,"stat.useItem.minecraft.iron_door":17,"stat.useItem.minecraft.lever":21,"stat.drop.minecraft.blaze_powder":1,"stat.drop.minecraft.iron_bars":1,"stat.pickup.minecraft.dark_oak_door":1,"stat.drop.minecraft.red_sandstone_stairs":1,"stat.drop.minecraft.stained_glass":3,"stat.drop.minecraft.dirt":67,"stat.pickup.minecraft.carpet":1,"stat.useItem.minecraft.acacia_stairs":60,"stat.drop.minecraft.wool":15,"stat.useItem.minecraft.armor_stand":5,"stat.pickup.minecraft.shield":2,"stat.talkedToVillager":8,"stat.drop.minecraft.spawn_egg":73,"stat.drop.minecraft.bedrock":2,"stat.drop.minecraft.redstone_lamp":1,"stat.useItem.minecraft.purpur_pillar":161,"stat.drop.minecraft.log2":2,"stat.useItem.minecraft.sea_lantern":1151,"stat.entityKilledBy.Skeleton":14,"stat.drop.minecraft.birch_fence":1,"stat.drop.minecraft.jungle_stairs":2,"stat.drop.minecraft.anvil":71,"stat.drop.minecraft.oak_stairs":1,"stat.useItem.minecraft.spruce_fence":101,"stat.useItem.minecraft.written_book":19,"stat.sprintOneCm":2597258,"stat.useItem.minecraft.diamond_block":5,"stat.useItem.minecraft.stone_slab":1860,"stat.useItem.minecraft.bed":2,"stat.drop.minecraft.carrot_on_a_stick":3,"stat.drop.minecraft.cauldron":1,"stat.drop":1267,"stat.pickup.minecraft.stone_button":1,"stat.killEntity.Sheep":1,"stat.useItem.minecraft.banner":15,"stat.useItem.minecraft.ladder":101,"stat.useItem.minecraft.purpur_block":20,"stat.drop.minecraft.redstone_block":71,"stat.drop.minecraft.purpur_pillar":5,"stat.diveOneCm":2089,"stat.drop.minecraft.flower_pot":2,"stat.useItem.minecraft.sticky_piston":19,"stat.useItem.minecraft.quartz_stairs":209,"stat.drop.minecraft.cooked_beef":1,"stat.drop.minecraft.ladder":1,"stat.drop.minecraft.chainmail_helmet":1,"stat.useItem.minecraft.carpet":144,"stat.useItem.minecraft.stained_glass_pane":370,"stat.useItem.minecraft.flower_pot":3,"stat.useItem.minecraft.bedrock":8,"stat.jump":8572,"stat.useItem.minecraft.sand":279,"stat.useItem.minecraft.iron_trapdoor":35,"stat.useItem.minecraft.piston":2,"stat.drop.minecraft.diamond_sword":1,"stat.useItem.minecraft.stone_button":21,"stat.drop.minecraft.glowstone":3,"stat.drop.minecraft.piston":1,"stat.drop.minecraft.glass":1,"stat.useItem.minecraft.glass":930,"stat.useItem.minecraft.sapling":13,"stat.pickup.minecraft.command_block":4,"stat.useItem.minecraft.redstone_lamp":1,"stat.damageTaken":13670,"stat.useItem.minecraft.stone_brick_stairs":40,"stat.useItem.minecraft.gold_block":1,"stat.drop.minecraft.stone_button":6,"stat.useItem.minecraft.acacia_door":10,"stat.useItem.minecraft.carrot_on_a_stick":28,"stat.drop.minecraft.red_sandstone":5,"stat.useItem.minecraft.birch_fence":19,"stat.useItem.minecraft.magma":34,"stat.damageDealt":2252,"stat.pickup.minecraft.minecart":1,"stat.useItem.minecraft.crafting_table":3,"stat.drop.minecraft.emerald_block":1,"stat.useItem.minecraft.command_block":2541,"stat.drop.minecraft.painting":2,"stat.walkOneCm":6813070,"stat.useItem.minecraft.chest":7,"stat.drop.minecraft.item_frame":2,"stat.useItem.minecraft.pumpkin":5,"stat.useItem.minecraft.tnt":24,"stat.useItem.minecraft.emerald_block":8,"stat.drop.minecraft.iron_block":2,"stat.useItem.minecraft.redstone_block":1180,"stat.useItem.minecraft.item_frame":129,"stat.useItem.minecraft.spruce_stairs":86,"stat.pickup.minecraft.stone":3,"stat.useItem.minecraft.stained_hardened_clay":3329,"stat.useItem.minecraft.leaves":33,"stat.drop.minecraft.command_block":249,"stat.useItem.minecraft.prismarine":1582,"stat.drop.minecraft.purpur_block":1,"stat.killEntity.Skeleton":2,"stat.drop.minecraft.nether_brick":1,"stat.drop.minecraft.lever":73,"stat.drop.minecraft.crafting_table":65,"stat.useItem.minecraft.iron_block":20,"stat.drop.minecraft.nether_wart_block":1,"stat.drop.minecraft.filled_map":1,"stat.mobKills":14,"stat.drop.minecraft.repeating_command_block":66,"stat.drop.minecraft.written_book":4,"stat.drop.minecraft.prismarine":209,"stat.useItem.minecraft.writable_book":1,"stat.drop.minecraft.quartz_block":11,"stat.drop.minecraft.beef":1,"stat.drop.minecraft.arrow":10,"stat.drop.minecraft.stone_slab2":3,"stat.useItem.minecraft.sandstone":13}