{
    "pools": [
        {
			"conditions": [
                {
                    "condition": "random_chance_with_looting",
                    "chance": 0.07,
					"looting_multiplier": 0.01
                }
            ],
            "rolls": {
                "min": 1,
                "max": 1
            },
            "entries": [
				{
                    "type": "loot_table",
                    "name": "aos:equipment/damaged/miner_overalls",
                    "weight": 1
                }
            ]
        },
		{
			"conditions": [
                {
                    "condition": "random_chance_with_looting",
                    "chance": 0.07,
					"looting_multiplier": 0.01
                }
            ],
            "rolls": {
                "min": 1,
                "max": 1
            },
            "entries": [
				{
                    "type": "loot_table",
                    "name": "aos:equipment/damaged/rough_pants",
                    "weight": 1
                }
            ]
        },
		{
			"conditions": [
                {
                    "condition": "random_chance_with_looting",
                    "chance": 0.07,
					"looting_multiplier": 0.01
                }
            ],
            "rolls": {
                "min": 1,
                "max": 1
            },
            "entries": [
				{
                    "type": "loot_table",
                    "name": "aos:equipment/damaged/frost_walkers",
                    "weight": 1
                }
            ]
        },
		{
			"conditions": [
                {
                    "condition": "random_chance_with_looting",
                    "chance": 0.07,
					"looting_multiplier": 0.01
                }
            ],
            "rolls": {
                "min": 1,
                "max": 1
            },
            "entries": [
				{
                    "type": "loot_table",
                    "name": "aos:equipment/damaged/diamond_pick",
                    "weight": 1
                }
            ]
        }
    ]
}