{
    "pools": [
		{
			"conditions": [
                {
                    "condition": "random_chance_with_looting",
                    "chance": 0.06,
					"looting_multiplier": 0.01
                }
            ],
            "rolls": {
                "min": 1,
                "max": 1
            },
            "entries": [
				{
                    "type": "loot_table",
                    "name": "aos:equipment/damaged/frozen_skull",
                    "weight": 1
                }
            ]
        },
		{
			"conditions": [
                {
                    "condition": "random_chance_with_looting",
                    "chance": 0.06,
					"looting_multiplier": 0.01
                }
            ],
            "rolls": {
                "min": 1,
                "max": 1
            },
            "entries": [
				{
                    "type": "loot_table",
                    "name": "aos:equipment/damaged/sheet_chainmail",
                    "weight": 1
                }
            ]
        },
		{
			"conditions": [
                {
                    "condition": "random_chance_with_looting",
                    "chance": 0.06,
					"looting_multiplier": 0.01
                }
            ],
            "rolls": {
                "min": 1,
                "max": 1
            },
            "entries": [
				{
                    "type": "loot_table",
                    "name": "aos:equipment/frostbitten_pants",
                    "weight": 1
                }
            ]
        },
		{
			"conditions": [
                {
                    "condition": "random_chance_with_looting",
                    "chance": 0.06,
					"looting_multiplier": 0.01
                }
            ],
            "rolls": {
                "min": 1,
                "max": 1
            },
            "entries": [
				{
                    "type": "loot_table",
                    "name": "aos:equipment/damaged/permafrosted_boots",
                    "weight": 1
                }
            ]
        },
		{
			"conditions": [
                {
                    "condition": "random_chance_with_looting",
                    "chance": 0.06,
					"looting_multiplier": 0.01
                }
            ],
            "rolls": {
                "min": 1,
                "max": 1
            },
            "entries": [
				{
                    "type": "loot_table",
                    "name": "aos:equipment/damaged/bow_and_icicles",
                    "weight": 1
                }
            ]
        }
    ]
}