{
    "pools": [
        {
			"conditions": [
                {
                    "condition": "random_chance_with_looting",
                    "chance": 0.06,
					"looting_multiplier": 0.01
                }
            ],
            "rolls": {
                "min": 1,
                "max": 1
            },
            "entries": [
				{
                    "type": "loot_table",
                    "name": "aos:equipment/damaged/chain_helmet",
                    "weight": 1
                }
            ]
        },
		{
			"conditions": [
                {
                    "condition": "random_chance_with_looting",
                    "chance": 0.06,
					"looting_multiplier": 0.01
                }
            ],
            "rolls": {
                "min": 1,
                "max": 1
            },
            "entries": [
				{
                    "type": "loot_table",
                    "name": "aos:equipment/damaged/arrowproof_vest",
                    "weight": 1
                }
            ]
        },
		{
			"conditions": [
                {
                    "condition": "random_chance_with_looting",
                    "chance": 0.06,
					"looting_multiplier": 0.01
                }
            ],
            "rolls": {
                "min": 1,
                "max": 1
            },
            "entries": [
				{
                    "type": "loot_table",
                    "name": "aos:equipment/damaged/chain_leggings",
                    "weight": 1
                }
            ]
        },
		{
			"conditions": [
                {
                    "condition": "random_chance_with_looting",
                    "chance": 0.06,
					"looting_multiplier": 0.01
                }
            ],
            "rolls": {
                "min": 1,
                "max": 1
            },
            "entries": [
				{
                    "type": "loot_table",
                    "name": "aos:equipment/damaged/muddy_boots",
                    "weight": 1
                }
            ]
        },
		{
			"conditions": [
                {
                    "condition": "random_chance_with_looting",
                    "chance": 0.06,
					"looting_multiplier": 0.01
                }
            ],
            "rolls": {
                "min": 1,
                "max": 1
            },
            "entries": [
				{
                    "type": "loot_table",
                    "name": "aos:equipment/damaged/army_lance",
                    "weight": 1
                }
            ]
        }
    ]
}