{"stat.walkOneCm":73394,"achievement.openInventory":3,"stat.craftItem.minecraft.planks":4,"stat.leaveGame":3,"stat.damageTaken":435,"stat.craftItem.minecraft.crafting_table":1,"stat.mineBlock.minecraft.log":2,"stat.flyOneCm":37083,"stat.deaths":2,"stat.jump":259,"stat.playOneMinute":10492,"stat.fallOneCm":5027,"achievement.buildWorkBench":2,"stat.crouchOneCm":609,"stat.timeSinceDeath":200,"achievement.mineWood":1,"stat.hopperInspected":2,"stat.sprintOneCm":15697,"stat.useItem.minecraft.crafting_table":1,"achievement.exploreAllBiomes":{"value":0,"progress":["Ocean","Plains"]}}