{"stat.walkOneCm":304559,"achievement.openInventory":22,"stat.useItem.minecraft.barrier":135,"stat.leaveGame":5,"stat.useItem.minecraft.flint_and_steel":1,"stat.useItem.minecraft.log":14,"stat.useItem.minecraft.gold_block":338,"stat.flyOneCm":419288,"stat.drop":1,"stat.jump":261,"stat.playOneMinute":83540,"stat.damageDealt":15,"stat.crouchOneCm":7676,"stat.useItem.minecraft.wool":383,"stat.timeSinceDeath":83540,"stat.sprintOneCm":177911,"stat.useItem.minecraft.stained_glass":263,"stat.useItem.minecraft.sign":1,"stat.useItem.minecraft.spawn_egg":96,"achievement.exploreAllBiomes":{"value":0,"progress":["Ocean","Plains"]},"stat.useItem.minecraft.netherrack":1}