{"stat.useItem.minecraft.quartz_block":1410,"stat.useItem.minecraft.stone":1134,"stat.useItem.minecraft.repeater":34,"stat.leaveGame":101,"stat.killEntity.Slime":5,"stat.useItem.minecraft.skull":5,"stat.useItem.minecraft.stained_glass_pane":107,"stat.useItem.minecraft.glowstone":2,"stat.jump":15889,"stat.useItem.minecraft.planks":1,"stat.fallOneCm":16806,"stat.crouchOneCm":151916,"stat.useItem.minecraft.redstone_torch":26,"stat.useItem.minecraft.stone_button":87,"stat.useItem.minecraft.light_weighted_pressure_plate":3,"achievement.exploreAllBiomes":{"value":0,"progress":["Ocean","Plains"]},"stat.damageTaken":360,"stat.useItem.minecraft.gold_block":67,"stat.useItem.minecraft.furnace":3,"stat.flyOneCm":20183199,"stat.damageDealt":415,"stat.useItem.minecraft.wool":4,"stat.timeSinceDeath":779389,"stat.hopperInspected":5,"stat.useItem.minecraft.sign":49,"stat.useItem.minecraft.spawn_egg":3533,"stat.useItem.minecraft.command_block":1819,"stat.walkOneCm":4203246,"stat.useItem.minecraft.lever":2,"stat.useItem.minecraft.comparator":58,"stat.useItem.minecraft.tnt":134,"stat.useItem.minecraft.cobblestone":356,"stat.furnaceInteraction":3,"stat.useItem.minecraft.redstone_block":944,"stat.useItem.minecraft.redstone":195,"stat.useItem.minecraft.item_frame":5,"stat.useItem.minecraft.sea_lantern":2,"stat.useItem.minecraft.written_book":24,"stat.useItem.minecraft.stained_hardened_clay":1939,"stat.sprintOneCm":939143,"stat.useItem.minecraft.stained_glass":101,"stat.useItem.minecraft.diamond_block":1,"stat.useItem.minecraft.netherrack":6,"achievement.openInventory":2920,"stat.useItem.minecraft.barrier":63,"stat.useItem.minecraft.hopper":11,"stat.mobKills":5,"stat.useItem.minecraft.stonebrick":12,"stat.deaths":1,"stat.useItem.minecraft.cobblestone_wall":17,"stat.drop":8,"stat.playOneMinute":4159496}