{"stat.walkOneCm":151088,"stat.useItem.minecraft.quartz_block":490,"stat.leaveGame":8,"stat.useItem.minecraft.log2":167,"stat.useItem.minecraft.potion":1,"stat.useItem.minecraft.packed_ice":185,"stat.jump":77,"stat.fallOneCm":1259,"stat.useItem.minecraft.planks":852,"stat.useItem.minecraft.red_sandstone":3,"stat.crouchOneCm":398,"stat.useItem.minecraft.stained_hardened_clay":167,"stat.sprintOneCm":18238,"achievement.exploreAllBiomes":{"value":0,"progress":["Ocean","Plains"]},"achievement.openInventory":15,"stat.useItem.minecraft.egg":1,"stat.damageTaken":130,"stat.useItem.minecraft.stonebrick":276,"stat.flyOneCm":578305,"stat.drop":3,"stat.playOneMinute":180534,"stat.damageDealt":180,"stat.timeSinceDeath":180534,"stat.useItem.minecraft.spawn_egg":79}