{"stat.damageDealt":1520,"stat.crouchOneCm":14442,"achievement.exploreAllBiomes":{"value":0,"progress":["Plains"]},"stat.killEntity.Cow":2,"achievement.openInventory":33,"stat.killEntity.Sheep":3,"stat.fallOneCm":15225,"stat.useItem.minecraft.diamond_sword":9,"stat.flyOneCm":178721,"stat.killEntity.EntityHorse":3,"stat.climbOneCm":2065,"stat.killEntity.Chicken":1,"stat.drop":12,"stat.damageTaken":4765,"stat.timeSinceDeath":38451,"stat.playOneMinute":90895,"stat.leaveGame":2,"stat.diveOneCm":16954,"stat.useItem.minecraft.bow":26,"stat.deaths":14,"stat.jump":701,"stat.swimOneCm":18305,"stat.mobKills":10,"stat.horseOneCm":58547,"stat.useItem.minecraft.spawn_egg":22,"stat.playerKills":1,"stat.walkOneCm":481485,"stat.chestOpened":6,"stat.sprintOneCm":301495}