{"stat.chestOpened":34,"stat.useItem.minecraft.sticky_piston":48,"stat.pickup.minecraft.redstone_torch":28,"stat.pickup.minecraft.sign":2,"stat.useItem.minecraft.repeater":74,"stat.leaveGame":25,"stat.pickup.minecraft.arrow":2248,"stat.useItem.minecraft.skull":6,"stat.drop.minecraft.redstone":1,"stat.useItem.minecraft.heavy_weighted_pressure_plate":41,"stat.useItem.minecraft.glowstone":35,"stat.jump":958,"stat.swimOneCm":29211,"stat.fallOneCm":644,"stat.climbOneCm":753,"stat.crouchOneCm":12852,"stat.useItem.minecraft.obsidian":5,"stat.useItem.minecraft.redstone_torch":59,"stat.useItem.minecraft.stone_button":8,"stat.useItem.minecraft.dirt":9,"achievement.exploreAllBiomes":{"value":0,"progress":["Plains"]},"stat.useItem.minecraft.water_bucket":4,"stat.useItem.minecraft.glass":29,"stat.useItem.minecraft.dispenser":4,"stat.useItem.minecraft.redstone_lamp":3,"stat.pickup.minecraft.repeater":2,"stat.damageTaken":30,"stat.useItem.minecraft.stone_brick_stairs":12,"stat.useItem.minecraft.gold_block":8,"stat.dispenserInspected":22,"stat.flyOneCm":3206993,"stat.damageDealt":10,"stat.pickup.minecraft.redstone":6,"stat.useItem.minecraft.wool":22,"stat.timeSinceDeath":399965,"stat.useItem.minecraft.sign":54,"stat.useItem.minecraft.iron_door":8,"stat.useItem.minecraft.command_block":64,"stat.walkOneCm":638270,"stat.useItem.minecraft.chest":1,"stat.useItem.minecraft.lever":5,"stat.useItem.minecraft.comparator":1,"stat.drop.minecraft.iron_block":17,"stat.useItem.minecraft.redstone_block":37,"stat.useItem.minecraft.redstone":225,"stat.useItem.minecraft.diamond_block":3,"stat.sprintOneCm":139750,"stat.useItem.minecraft.fence":6,"stat.useItem.minecraft.bed":3,"achievement.openInventory":118,"stat.useItem.minecraft.barrier":30,"stat.useItem.minecraft.iron_block":1177,"stat.useItem.minecraft.stone_pressure_plate":20,"stat.useItem.minecraft.wooden_pressure_plate":12,"stat.deaths":2,"stat.drop":36,"stat.playOneMinute":426600,"stat.sneakTime":7296,"stat.pickup.minecraft.iron_block":16,"stat.diveOneCm":171369}