{"stat.useItem.minecraft.lapis_block":49,"stat.useItem.minecraft.sticky_piston":2,"stat.useItem.minecraft.repeater":921,"stat.leaveGame":10,"stat.useItem.minecraft.ender_chest":1,"stat.useItem.minecraft.diamond_sword":14,"stat.useItem.minecraft.glowstone":27,"stat.useItem.minecraft.flower_pot":2,"stat.jump":5933,"stat.fallOneCm":4470,"stat.climbOneCm":614,"stat.crouchOneCm":59266,"stat.useItem.minecraft.redstone_torch":396,"stat.useItem.minecraft.stone_button":17,"achievement.exploreAllBiomes":{"value":0,"progress":["Plains","Desert"]},"stat.useItem.minecraft.glass":6,"stat.useItem.minecraft.redstone_lamp":1,"stat.useItem.minecraft.golden_rail":1,"stat.damageTaken":500,"stat.useItem.minecraft.gold_block":4,"stat.useItem.minecraft.anvil":1,"stat.flyOneCm":10628983,"stat.useItem.minecraft.ender_pearl":7,"stat.killEntity.Villager":4,"stat.damageDealt":1285,"stat.useItem.minecraft.wool":735,"stat.timeSinceDeath":474754,"stat.useItem.minecraft.sign":175,"stat.useItem.minecraft.spawn_egg":2,"stat.useItem.minecraft.command_block":1252,"stat.walkOneCm":1927993,"stat.useItem.minecraft.lever":30,"stat.useItem.minecraft.comparator":291,"stat.useItem.minecraft.armor_stand":4,"stat.useItem.minecraft.chest_minecart":1,"stat.useItem.minecraft.redstone":781,"stat.useItem.minecraft.dropper":1,"stat.useItem.minecraft.stained_glass":335,"stat.sprintOneCm":443915,"stat.useItem.minecraft.prismarine":30,"stat.useItem.minecraft.stone_slab":3,"achievement.openInventory":339,"stat.useItem.minecraft.barrier":58,"stat.useItem.minecraft.iron_block":1843,"stat.useItem.minecraft.wooden_button":1,"stat.useItem.minecraft.stone_pressure_plate":25,"stat.useItem.minecraft.pumpkin_pie":1,"stat.useItem.minecraft.hopper":104,"stat.mobKills":6,"stat.deaths":1,"stat.drop":10,"stat.playOneMinute":1312170,"stat.useItem.minecraft.ladder":10,"stat.killEntity.Zombie":2}