{"stat.useItem.minecraft.command_block":91,"stat.useItem.minecraft.lapis_block":2,"stat.walkOneCm":2592135,"stat.useItem.minecraft.quartz_block":1,"stat.useItem.minecraft.chest":8,"stat.useItem.minecraft.repeater":30,"stat.leaveGame":12,"stat.useItem.minecraft.comparator":8,"stat.useItem.minecraft.skull":2,"stat.useItem.minecraft.potion":2,"stat.useItem.minecraft.glowstone":9,"stat.useItem.minecraft.chest_minecart":1,"stat.jump":1116,"stat.fallOneCm":2738,"stat.climbOneCm":656,"stat.useItem.minecraft.item_frame":12,"stat.useItem.minecraft.redstone":37,"stat.crouchOneCm":8896,"stat.useItem.minecraft.redstone_torch":6,"stat.useItem.minecraft.dropper":2,"stat.useItem.minecraft.stone_button":11,"stat.useItem.minecraft.stained_glass":76,"stat.sprintOneCm":1476485,"achievement.exploreAllBiomes":{"value":0,"progress":["Plains","Desert"]},"stat.useItem.minecraft.glass":1,"achievement.openInventory":387,"stat.useItem.minecraft.iron_block":180,"stat.useItem.minecraft.golden_rail":1,"stat.damageTaken":390,"stat.useItem.minecraft.stone_pressure_plate":3,"stat.useItem.minecraft.pumpkin_pie":2,"stat.useItem.minecraft.gold_block":1,"stat.useItem.minecraft.anvil":1,"stat.flyOneCm":3077899,"stat.deaths":1,"stat.drop":6,"stat.playOneMinute":1088978,"stat.useItem.minecraft.wool":259,"stat.timeSinceDeath":540647,"stat.useItem.minecraft.sign":43}