{"stat.useItem.minecraft.sticky_piston":15,"stat.useItem.minecraft.quartz_block":1,"stat.useItem.minecraft.stone":285,"stat.useItem.minecraft.repeater":135,"stat.leaveGame":23,"stat.useItem.minecraft.carpet":2,"stat.useItem.minecraft.bedrock":31,"stat.jump":879,"stat.swimOneCm":7087,"stat.useItem.minecraft.sand":51,"stat.climbOneCm":9275,"stat.useItem.minecraft.planks":1,"stat.useItem.minecraft.nether_brick_stairs":3,"stat.useItem.minecraft.piston":2,"stat.crouchOneCm":2937,"stat.useItem.minecraft.redstone_torch":106,"stat.useItem.minecraft.stone_button":4,"achievement.exploreAllBiomes":{"value":0,"progress":["Plains"]},"stat.useItem.minecraft.glass":42,"stat.useItem.minecraft.sandstone_stairs":12,"stat.useItem.minecraft.redstone_lamp":8,"stat.useItem.minecraft.golden_rail":4,"stat.damageTaken":2147483647,"stat.useItem.minecraft.stone_brick_stairs":21,"stat.useItem.minecraft.rail":13,"stat.useItem.minecraft.furnace":5,"stat.useItem.minecraft.anvil":1,"stat.flyOneCm":1933619,"stat.useItem.minecraft.wool":12,"stat.timeSinceDeath":354737,"stat.useItem.minecraft.sign":104,"stat.useItem.minecraft.crafting_table":1,"stat.useItem.minecraft.iron_door":1,"stat.useItem.minecraft.command_block":23,"stat.walkOneCm":802513,"stat.useItem.minecraft.torch":27,"stat.useItem.minecraft.chest":6,"stat.useItem.minecraft.lever":5,"stat.useItem.minecraft.cobblestone":3,"stat.useItem.minecraft.tnt":19,"stat.useItem.minecraft.gravel":86,"stat.useItem.minecraft.minecart":7,"stat.useItem.minecraft.redstone_block":30,"stat.useItem.minecraft.redstone":418,"stat.useItem.minecraft.dropper":2,"stat.useItem.minecraft.trapdoor":5,"stat.sprintOneCm":128935,"stat.useItem.minecraft.fence":4,"stat.useItem.minecraft.cactus":9,"stat.useItem.minecraft.stone_slab":14,"achievement.openInventory":199,"stat.useItem.minecraft.wooden_button":1,"stat.useItem.minecraft.stone_pressure_plate":7,"stat.useItem.minecraft.stonebrick":1004,"stat.useItem.minecraft.wooden_door":1,"stat.deaths":2,"stat.drop":2,"stat.playOneMinute":520271,"stat.useItem.minecraft.nether_brick":1077,"stat.useItem.minecraft.ladder":4,"stat.useItem.minecraft.jukebox":4,"stat.diveOneCm":21392,"stat.useItem.minecraft.sandstone":509,"stat.useItem.minecraft.web":2}