{
    "pools": [
        {
            "rolls": {
                "min": 1,
                "max": 1
            },
            "entries": [
				{
                    "type": "item",
                    "name": "minecraft:cooked_beef",
                    "weight": 1,
                    "functions": [
						{
							"function": "set_count",
							"count": {
								"min": 4,
								"max": 4
							}
						}
                    ]
                }
            ]
        }
    ]
}