{
    "pools": [
        {
            "rolls": 1,
            "entries": [
                {
                    "type": "item",
                    "name": "minecraft:iron_helmet",
                    "weight": 1,
                    "functions": [
						{
							"function": "set_nbt",
							"tag": "{display:{Name:\"§9Arctic Hood\",Lore:[\"§9§oDon't go in a blizzard without it!\",\"\",\"§7+15% health\",\"§7Protection I\",\"§7Unbreaking\",\"§9Part of Polar Equipment\"]},HideFlags:63,ench:[{id:0,lvl:1},{id:34,lvl:10}],AttributeModifiers:[{AttributeName:generic.maxHealth,Name:;generic.maxHealth,Amount:0.15,Operation:1,UUIDMost:22245,UUIDLeast:137656,Slot:head}]}"
						}
                    ]
                }
            ]
        }
    ]
}