{
    "pools": [
        {
            "rolls": 1,
            "entries": [
                {
                    "type": "item",
                    "name": "minecraft:bow",
                    "weight": 1,
                    "functions": [
						{
							"function": "set_nbt",
							"tag": "{display:{Name:\"§4Blazefury\",Lore:[\"§4§oThe weapon of choice for Land Blazes\",\"\",\"§7When charged up:\",\"§7 33.75 Ranged Damage\",\"§7Punch I\",\"§7Flame\",\"§7Infinity\",\"§7Unbreakable\",\"§4Part of Nether Equipment\"]},Unbreakable:1,HideFlags:63,ench:[{id:48,lvl:10},{id:49,lvl:1},{id:50,lvl:1},{id:51,lvl:1},{id:34,lvl:10}]}"
						}
                    ]
                }
            ]
        }
    ]
}