{
    "pools": [
        {
            "rolls": 1,
            "entries": [
                {
                    "type": "item",
                    "name": "minecraft:diamond_helmet",
                    "weight": 1,
                    "functions": [
						{
							"function": "set_nbt",
							"tag": "{display:{Name:\"§1Blue Kevlar Helmet\",Lore:[\"§1§oStandard-issue and strong\",\"\",\"§7+30% health\",\"§7Protection II\",\"§7Blast Protection I\",\"§7Unbreaking\",\"§1Part of Police Equipment\"]},HideFlags:63,ench:[{id:0,lvl:2},{id:3,lvl:1},{id:34,lvl:10}],AttributeModifiers:[{AttributeName:generic.maxHealth,Name:;generic.maxHealth,Amount:0.3,Operation:1,UUIDMost:22245,UUIDLeast:137656,Slot:head}]}"
						}
                    ]
                }
            ]
        }
    ]
}