{
    "pools": [
        {
            "rolls": 1,
            "entries": [
                {
                    "type": "item",
                    "name": "minecraft:shield",
                    "weight": 1,
                    "functions": [
						{
							"function": "set_nbt",
							"tag": "{display:{Name:\"§aBone Shield\",Lore:[\"§a§oNot actually made of bones\",\"\",\"§7Unbreaking\",\"§aPart of Soldier Equipment\"]},HideFlags:63,ench:[{id:34,lvl:10}],BlockEntityTag:{Base:8,Patterns:[{Pattern:tt,Color:15},{Pattern:bt,Color:15},{Pattern:cs,Color:15},{Pattern:cbo,Color:8},{Pattern:tts,Color:8},{Pattern:bts,Color:8}]}}"
						}
                    ]
                }
            ]
        }
    ]
}