{
    "pools": [
        {
            "rolls": 1,
            "entries": [
                {
                    "type": "item",
                    "name": "minecraft:chainmail_boots",
                    "weight": 3,
                    "functions": [
						{
							"function": "set_nbt",
							"tag": "{display:{Name:\"§rChain Boots\",Lore:[\"\",\"§7+10% health\",\"§7Unbreaking\"]},HideFlags:63,ench:[{id:34,lvl:10}],AttributeModifiers:[{AttributeName:generic.maxHealth,Name:;generic.maxHealth,Amount:0.10,Operation:1,UUIDMost:29433,UUIDLeast:164351,Slot:feet}]}"
						}
                    ]
                }
            ]
        }
    ]
}