{
    "pools": [
        {
            "rolls": 1,
            "entries": [
                {
                    "type": "item",
                    "name": "minecraft:golden_helmet",
                    "weight": 1,
                    "functions": [
						{
							"function": "set_nbt",
							"tag": "{display:{Name:\"§4Demon Mask\",Lore:[\"§4§oNormally comes in red\",\"\",\"§7+70% health\",\"§7Protection IV\",\"§7Thorns III\",\"§7Unbreakable\",\"§4Part of Nether Equipment\"]},Unbreakable:1,HideFlags:63,ench:[{id:0,lvl:4},{id:7,lvl:3},{id:34,lvl:10}],AttributeModifiers:[{AttributeName:generic.maxHealth,Name:;generic.maxHealth,Amount:0.7,Operation:1,UUIDMost:22245,UUIDLeast:137656,Slot:head}]}"
						}
                    ]
                }
            ]
        }
    ]
}