{
    "pools": [
        {
            "rolls": 1,
            "entries": [
                {
                    "type": "item",
                    "name": "minecraft:bow",
                    "weight": 1,
                    "functions": [
						{
							"function": "set_nbt",
							"tag": "{display:{Name:\"§9Eskibow\",Lore:[\"§9§oAlso known as Eskimo Bow\",\"\",\"§7When charged up:\",\"§7 18 Ranged Damage\",\"§7Infinity\",\"§7Unbreaking\",\"§9Part of Polar Equipment\"]},HideFlags:63,ench:[{id:48,lvl:3},{id:51,lvl:1},{id:34,lvl:10}]}"
						}
                    ]
                }
            ]
        }
    ]
}