{
    "pools": [
        {
            "rolls": 1,
            "entries": [
                {
                    "type": "item",
                    "name": "minecraft:leather_chestplate",
                    "weight": 1,
                    "functions": [
						{
							"function": "set_nbt",
							"tag": "{display:{color:7047881,Name:\"§3Glacial Bodywear\",Lore:[\"§3§oKeep away from excessive heat at all times!\",\"\",\"§7+75% health\",\"§7Protection III\",\"§7Blast Protection II\",\"§7Unbreakable\",\"§3Part of Glacial Equipment\"]},Unbreakable:1,HideFlags:63,ench:[{id:0,lvl:3},{id:3,lvl:2},{id:34,lvl:10}],AttributeModifiers:[{AttributeName:generic.maxHealth,Name:;generic.maxHealth,Amount:0.75,Operation:1,UUIDMost:26434,UUIDLeast:197326,Slot:chest}]}"
						}
                    ]
                }
            ]
        }
    ]
}