{
    "pools": [
        {
            "rolls": 1,
            "entries": [
                {
                    "type": "item",
                    "name": "minecraft:iron_helmet",
                    "weight": 1,
                    "functions": [
						{
							"function": "set_nbt",
							"tag": "{display:{Name:\"§eHeadlamped Helmet\",Lore:[\"§e§oThe headlamp on this helmet broke\",\"\",\"§7+25% health\",\"§7Protection II\",\"§7Fire Protection I\",\"§7Unbreaking\",\"§ePart of Miner Equipment\"]},HideFlags:63,ench:[{id:0,lvl:2},{id:1,lvl:1},{id:34,lvl:10}],AttributeModifiers:[{AttributeName:generic.maxHealth,Name:;generic.maxHealth,Amount:0.25,Operation:1,UUIDMost:22245,UUIDLeast:137656,Slot:head}]}"
						}
                    ]
                }
            ]
        }
    ]
}