{
    "pools": [
        {
            "rolls": 1,
            "entries": [
                {
                    "type": "item",
                    "name": "minecraft:diamond_leggings",
                    "weight": 1,
                    "functions": [
						{
							"function": "set_nbt",
							"tag": "{display:{Name:\"§1Holstered Leggings\",Lore:[\"§1§oDoes not provide extra inventory space\",\"\",\"§7+35% health\",\"§7Protection II\",\"§7Thorns I\",\"§7Unbreaking\",\"§1Part of Police Equipment\"]},HideFlags:63,ench:[{id:0,lvl:2},{id:7,lvl:1},{id:34,lvl:10}],AttributeModifiers:[{AttributeName:generic.maxHealth,Name:;generic.maxHealth,Amount:0.35,Operation:1,UUIDMost:28244,UUIDLeast:139352,Slot:legs}]}"
						}
                    ]
                }
            ]
        }
    ]
}