{
    "pools": [
        {
            "rolls": 1,
            "entries": [
                {
                    "type": "item",
                    "name": "minecraft:iron_pickaxe",
                    "weight": 1,
                    "functions": [
						{
							"function": "set_nbt",
							"tag": "{display:{Name:\"§eIce Pick\",Lore:[\"§e§oCan be used to skewer spiders in a pinch\",\"\",\"§718 Attack Damage\",\"§70.9 Attack Speed\",\"§7Can be used to break Frosted Ice\",\"§7Bane of Arthropods III\",\"§7Unbreaking\",\"§ePart of Miner Equipment\"]},HideFlags:63,ench:[{id:34,lvl:10},{id:18,lvl:3}],CanDestroy:[\"minecraft:frosted_ice\"],AttributeModifiers:[{AttributeName:generic.attackDamage,Name:;generic.attackDamage,Amount:17,Operation:0,UUIDMost:21461,UUIDLeast:272516,Slot:mainhand},{AttributeName:generic.attackSpeed,Name:;generic.attackSpeed,Amount:-3.1,Operation:0,UUIDMost:22516,UUIDLeast:101536,Slot:mainhand}]}"
						}
                    ]
                }
            ]
        }
    ]
}