{
    "pools": [
        {
            "rolls": 1,
            "entries": [
                {
                    "type": "item",
                    "name": "minecraft:diamond_sword",
                    "weight": 1,
                    "functions": [
						{
							"function": "set_nbt",
							"tag": "{display:{Name:\"§bIce Blade\",Lore:[\"§b§oMade out of an ordinary piece of ice\",\"\",\"§717 Attack Damage\",\"§71.6 Attack Speed\",\"§7Unbreaking\",\"§bPart of Icicle Equipment\"]},HideFlags:63,ench:[{id:34,lvl:10},{id:16,lvl:1}],AttributeModifiers:[{AttributeName:generic.attackDamage,Name:;generic.attackDamage,Amount:15,Operation:0,UUIDMost:21461,UUIDLeast:272516,Slot:mainhand},{AttributeName:generic.attackSpeed,Name:;generic.attackSpeed,Amount:-2.4,Operation:0,UUIDMost:22516,UUIDLeast:101536,Slot:mainhand}]}"
						}
                    ]
                }
            ]
        }
    ]
}