{
    "pools": [
        {
            "rolls": 1,
            "entries": [
                {
                    "type": "item",
                    "name": "minecraft:shield",
                    "weight": 1,
                    "functions": [
						{
							"function": "set_nbt",
							"tag": "{display:{Name:\"§2Iron Sheet\",Lore:[\"§2§oThis might have once been a car door\",\"\",\"§7+10% health\",\"§7+20% Knockback Resistance\",\"§7Unbreaking\",\"§2Part of Metal Equipment\"]},HideFlags:63,ench:[{id:34,lvl:10}],BlockEntityTag:{Base:15,Patterns:[{Pattern:ss,Color:7}]},AttributeModifiers:[{AttributeName:generic.knockbackResistance,Name:;generic.knockbackResistance,Amount:0.2,Operation:0,UUIDMost:20543,UUIDLeast:142321,Slot:offhand},{AttributeName:generic.maxHealth,Name:;generic.maxHealth,Amount:0.1,Operation:1,UUIDMost:35352,UUIDLeast:123553,Slot:offhand}]}"
						}
                    ]
                }
            ]
        }
    ]
}