{
    "pools": [
        {
            "rolls": 1,
            "entries": [
                {
                    "type": "item",
                    "name": "minecraft:leather_helmet",
                    "weight": 1,
                    "functions": [
						{
							"function": "set_nbt",
							"tag": "{display:{Name:\"§rLeather Cap\",Lore:[\"\",\"§7+5% health\",\"§7Unbreaking\"]},HideFlags:63,ench:[{id:34,lvl:10}],AttributeModifiers:[{AttributeName:generic.maxHealth,Name:;generic.maxHealth,Amount:0.05,Operation:1,UUIDMost:29154,UUIDLeast:135321,Slot:head}]}"
						}
                    ]
                }
            ]
        }
    ]
}