{
    "pools": [
        {
            "rolls": 1,
            "entries": [
                {
                    "type": "item",
                    "name": "minecraft:iron_chestplate",
                    "weight": 1,
                    "functions": [
						{
							"function": "set_nbt",
							"tag": "{display:{Name:\"§eMiner Overalls\",Lore:[\"§e§oOverall, this is filled with utilities!\",\"\",\"§7+35% health\",\"§7Protection II\",\"§7Projectile Protection I\",\"§7Unbreaking\",\"§ePart of Miner Equipment\"]},HideFlags:63,ench:[{id:0,lvl:2},{id:4,lvl:1},{id:34,lvl:10}],AttributeModifiers:[{AttributeName:generic.maxHealth,Name:;generic.maxHealth,Amount:0.35,Operation:1,UUIDMost:26434,UUIDLeast:197326,Slot:chest}]}"
						}
                    ]
                }
            ]
        }
    ]
}