{
    "pools": [
        {
            "rolls": 1,
            "entries": [
                {
                    "type": "item",
                    "name": "minecraft:chainmail_helmet",
                    "weight": 1,
                    "functions": [
						{
							"function": "set_nbt",
							"tag": "{display:{Name:\"§aPilot Helmet\",Lore:[\"§a§oNever used for its actual purpose\",\"\",\"§7+10% health\",\"§7Protection I\",\"§7Unbreaking\",\"§aPart of Soldier Equipment\"]},HideFlags:63,ench:[{id:0,lvl:1},{id:34,lvl:10}],AttributeModifiers:[{AttributeName:generic.maxHealth,Name:;generic.maxHealth,Amount:0.10,Operation:1,UUIDMost:22245,UUIDLeast:137656,Slot:head}]}"
						}
                    ]
                }
            ]
        }
    ]
}