{
    "pools": [
        {
            "rolls": 1,
            "entries": [
                {
                    "type": "item",
                    "name": "minecraft:bow",
                    "weight": 1,
                    "functions": [
						{
							"function": "set_nbt",
							"tag": "{display:{Name:\"§3Severing Launcher\",Lore:[\"§3§oDoes the work of frostbite\",\"\",\"§7When charged up:\",\"§7 29.25 Ranged Damage\",\"§7Punch I\",\"§7Infinity\",\"§7Unbreakable\",\"§3Part of Glacial Equipment\"]},Unbreakable:1,HideFlags:63,ench:[{id:48,lvl:8},{id:49,lvl:1},{id:51,lvl:1},{id:34,lvl:10}]}"
						}
                    ]
                }
            ]
        }
    ]
}