{
    "pools": [
        {
            "rolls": 1,
            "entries": [
                {
                    "type": "item",
                    "name": "minecraft:diamond_chestplate",
                    "weight": 1,
                    "functions": [
						{
							"function": "set_nbt",
							"tag": "{display:{Name:\"§bSheet Chainmail\",Lore:[\"§b§oTaken directly from the ice sheet\",\"\",\"§7+55% health\",\"§7Protection III\",\"§7Blast Protection I\",\"§7Unbreaking\",\"§bPart of Icicle Equipment\"]},HideFlags:63,ench:[{id:0,lvl:3},{id:3,lvl:1},{id:34,lvl:10}],AttributeModifiers:[{AttributeName:generic.maxHealth,Name:;generic.maxHealth,Amount:0.55,Operation:1,UUIDMost:26434,UUIDLeast:197326,Slot:chest}]}"
						}
                    ]
                }
            ]
        }
    ]
}