{
    "pools": [
        {
            "rolls": 1,
            "entries": [
                {
                    "type": "item",
                    "name": "minecraft:bow",
                    "weight": 1,
                    "functions": [
						{
							"function": "set_nbt",
							"tag": "{display:{Name:\"§eSnow Launcher\",Lore:[\"§e§oYou'll be king of the neighbourhood in no time!\",\"\",\"§7When charged up:\",\"§7 20.25 Ranged Damage\",\"§7Infinity\",\"§7Unbreaking\",\"§ePart of Miner Equipment\"]},HideFlags:63,ench:[{id:48,lvl:4},{id:51,lvl:1},{id:34,lvl:10}]}"
						}
                    ]
                }
            ]
        }
    ]
}