{
    "pools": [
        {
            "rolls": 1,
            "entries": [
                {
                    "type": "item",
                    "name": "minecraft:golden_axe",
                    "weight": 1,
                    "functions": [
						{
							"function": "set_nbt",
							"tag": "{display:{Name:\"§4Soul Crusher\",Lore:[\"§4§oNot as effective on those without souls\",\"\",\"§740 Attack Damage\",\"§71 Attack Speed\",\"§7Knockback I\",\"§7Fire Aspect II\",\"§7Unbreakable\",\"§4Part of Nether Equipment\"]},Unbreakable:1,HideFlags:63,ench:[{id:34,lvl:10},{id:16,lvl:1},{id:19,lvl:1},{id:20,lvl:2}],AttributeModifiers:[{AttributeName:generic.attackDamage,Name:;generic.attackDamage,Amount:38,Operation:0,UUIDMost:21461,UUIDLeast:272516,Slot:mainhand},{AttributeName:generic.attackSpeed,Name:;generic.attackSpeed,Amount:-3,Operation:0,UUIDMost:22516,UUIDLeast:101536,Slot:mainhand}]}"
						}
                    ]
                }
            ]
        }
    ]
}