{
    "pools": [
        {
            "rolls": 1,
            "entries": [
                {
                    "type": "item",
                    "name": "minecraft:leather_helmet",
                    "weight": 1,
                    "functions": [
						{
							"function": "set_nbt",
							"tag": "{display:{color:7047881,Name:\"§3Spike Headgear\",Lore:[\"§3§oLives up to its name\",\"\",\"§7+50% health\",\"§7Protection III\",\"§7Thorns II\",\"§7Unbreakable\",\"§3Part of Glacial Equipment\"]},Unbreakable:1,HideFlags:63,ench:[{id:0,lvl:3},{id:7,lvl:2},{id:34,lvl:10}],AttributeModifiers:[{AttributeName:generic.maxHealth,Name:;generic.maxHealth,Amount:0.5,Operation:1,UUIDMost:22245,UUIDLeast:137656,Slot:head}]}"
						}
                    ]
                }
            ]
        }
    ]
}