{
    "pools": [
        {
            "rolls": 1,
            "entries": [
                {
                    "type": "item",
                    "name": "minecraft:stone_axe",
                    "weight": 1,
                    "functions": [
						{
							"function": "set_nbt",
							"tag": "{display:{Name:\"§rStone Axe\",Lore:[\"\",\"§79 Attack Damage\",\"§70.8 Attack Speed\",\"§7Unbreaking\"]},HideFlags:63,ench:[{id:34,lvl:10}],AttributeModifiers:[{AttributeName:generic.attackDamage,Name:;generic.attackDamage,Amount:8,Operation:0,UUIDMost:21461,UUIDLeast:272516,Slot:mainhand},{AttributeName:generic.attackSpeed,Name:;generic.attackSpeed,Amount:-3.2,Operation:0,UUIDMost:22516,UUIDLeast:101536,Slot:mainhand}]}"
						}
                    ]
                }
            ]
        }
    ]
}