{
    "pools": [
        {
            "rolls": 1,
            "entries": [
                {
                    "type": "item",
                    "name": "minecraft:shield",
                    "weight": 1,
                    "functions": [
						{
							"function": "set_nbt",
							"tag": "{display:{Name:\"§4The Nether's Shield\",Lore:[\"§4§oA symbol of the nether\",\"\",\"§7+80% health\",\"§7+50% Knockback Resistance\",\"§7Unbreakable\",\"§4Part of Nether Equipment\"]},Unbreakable:1,HideFlags:63,ench:[{id:34,lvl:10}],BlockEntityTag:{Base:0,Patterns:[{Pattern:gra,Color:1},{Pattern:cr,Color:1},{Pattern:tts,Color:1},{Pattern:bts,Color:1},{Pattern:mc,Color:1}]},AttributeModifiers:[{AttributeName:generic.knockbackResistance,Name:;generic.knockbackResistance,Amount:0.5,Operation:0,UUIDMost:20543,UUIDLeast:142321,Slot:offhand},{AttributeName:generic.maxHealth,Name:;generic.maxHealth,Amount:0.8,Operation:1,UUIDMost:35352,UUIDLeast:123553,Slot:offhand}]}"
						}
                    ]
                }
            ]
        }
    ]
}