{
    "pools": [
        {
            "rolls": 1,
            "entries": [
                {
                    "type": "item",
                    "name": "minecraft:golden_leggings",
                    "weight": 1,
                    "functions": [
						{
							"function": "set_nbt",
							"tag": "{display:{Name:\"§4Underworld Pants\",Lore:[\"§4§oNot to be confused with plain underpants\",\"\",\"§7+85% health\",\"§7Protection IV\",\"§7Projectile Protection III\",\"§7Unbreakable\",\"§4Part of Nether Equipment\"]},Unbreakable:1,HideFlags:63,ench:[{id:0,lvl:4},{id:4,lvl:3},{id:34,lvl:10}],AttributeModifiers:[{AttributeName:generic.maxHealth,Name:;generic.maxHealth,Amount:0.85,Operation:1,UUIDMost:28244,UUIDLeast:139352,Slot:legs}]}"
						}
                    ]
                }
            ]
        }
    ]
}