{
    "pools": [
        {
            "rolls": 1,
            "entries": [
                {
                    "type": "item",
                    "name": "minecraft:wooden_sword",
                    "weight": 1,
                    "functions": [
						{
							"function": "set_nbt",
							"tag": "{display:{Name:\"§rWooden Sword\",Lore:[\"\",\"§74 Attack Damage\",\"§71.6 Attack Speed\",\"§7Unbreaking\"]},HideFlags:63,ench:[{id:34,lvl:10}],AttributeModifiers:[{AttributeName:generic.attackDamage,Name:;generic.attackDamage,Amount:3,Operation:0,UUIDMost:21461,UUIDLeast:272516,Slot:mainhand},{AttributeName:generic.attackSpeed,Name:;generic.attackSpeed,Amount:-2.4,Operation:0,UUIDMost:22516,UUIDLeast:101536,Slot:mainhand}]}"
						}
                    ]
                }
            ]
        }
    ]
}