{
    "pools": [
        {
            "rolls": 1,
            "entries": [
                {
                    "type": "item",
                    "name": "minecraft:shield",
                    "weight": 1,
                    "functions": [
						{
							"function": "set_nbt",
							"tag": "{display:{Name:\"§9Bearskin Shield\",Lore:[\"§9§oThese eskimos only make shields out of brown bears\",\"\",\"§7+15% health\",\"§7+25% Knockback Resistance\",\"§7Unbreaking\",\"§9Part of Polar Equipment\"]},HideFlags:63,ench:[{id:34,lvl:10}],BlockEntityTag:{Base:3,Patterns:[{Pattern:flo,Color:3},{Pattern:flo,Color:0},{Pattern:flo,Color:0},{Pattern:ts,Color:3},{Pattern:tts,Color:3},{Pattern:tts,Color:0},{Pattern:tts,Color:3},{Pattern:cs,Color:3},{Pattern:hhb,Color:3},{Pattern:bt,Color:0},{Pattern:bs,Color:3},{Pattern:sku,Color:3}]},AttributeModifiers:[{AttributeName:generic.knockbackResistance,Name:;generic.knockbackResistance,Amount:0.25,Operation:0,UUIDMost:20543,UUIDLeast:142321,Slot:offhand},{AttributeName:generic.maxHealth,Name:;generic.maxHealth,Amount:0.15,Operation:1,UUIDMost:35352,UUIDLeast:123553,Slot:offhand}]}"
						},
						{
							"function": "set_damage",
							"damage": {
								"min": 0.33,
								"max": 0.66
							}
						}
                    ]
                }
            ]
        }
    ]
}