{
    "pools": [
        {
            "rolls": 1,
            "entries": [
                {
                    "type": "item",
                    "name": "minecraft:bow",
                    "weight": 1,
                    "functions": [
						{
							"function": "set_nbt",
							"tag": "{display:{Name:\"§2Cavalry Rifle\",Lore:[\"§2§oProjectiles are so powerful you might as well call this a rifle\",\"\",\"§7When charged up:\",\"§7 15.75 Ranged Damage\",\"§7Infinity\",\"§7Unbreaking\",\"§2Part of Metal Equipment\"]},HideFlags:63,ench:[{id:48,lvl:2},{id:51,lvl:1},{id:34,lvl:10}]}"
						},
						{
							"function": "set_damage",
							"damage": {
								"min": 0.33,
								"max": 0.66
							}
						}
                    ]
                }
            ]
        }
    ]
}