{
    "pools": [
        {
            "rolls": 1,
            "entries": [
                {
                    "type": "item",
                    "name": "minecraft:diamond_helmet",
                    "weight": 1,
                    "functions": [
						{
							"function": "set_nbt",
							"tag": "{display:{Name:\"§bFrozen Skull\",Lore:[\"§b§oIt's not cursed. You can wear it!\",\"\",\"§7+40% health\",\"§7Protection III\",\"§7Projectile Protection I\",\"§7Unbreaking\",\"§bPart of Icicle Equipment\"]},HideFlags:63,ench:[{id:0,lvl:3},{id:4,lvl:1},{id:34,lvl:10}],AttributeModifiers:[{AttributeName:generic.maxHealth,Name:;generic.maxHealth,Amount:0.4,Operation:1,UUIDMost:22245,UUIDLeast:137656,Slot:head}]}"
						},
						{
							"function": "set_damage",
							"damage": {
								"min": 0.33,
								"max": 0.66
							}
						}
                    ]
                }
            ]
        }
    ]
}