{
    "pools": [
        {
            "rolls": 1,
            "entries": [
                {
                    "type": "item",
                    "name": "minecraft:shield",
                    "weight": 1,
                    "functions": [
						{
							"function": "set_nbt",
							"tag": "{display:{Name:\"§aGolden Shield\",Lore:[\"§a§oVery heavy to handle\",\"\",\"§7+20% Knockback Resistance\",\"§7Unbreaking\",\"§aPart of Soldier Equipment\"]},HideFlags:63,ench:[{id:34,lvl:10}],BlockEntityTag:{Base:11},AttributeModifiers:[{AttributeName:generic.knockbackResistance,Name:;generic.knockbackResistance,Amount:0.2,Operation:0,UUIDMost:20543,UUIDLeast:142321,Slot:offhand}]}"
						},
						{
							"function": "set_damage",
							"damage": {
								"min": 0.33,
								"max": 0.66
							}
						}
                    ]
                }
            ]
        }
    ]
}