{
    "pools": [
        {
            "rolls": 1,
            "entries": [
                {
                    "type": "item",
                    "name": "minecraft:shield",
                    "weight": 1,
                    "functions": [
						{
							"function": "set_nbt",
							"tag": "{display:{Name:\"§bIce Spike Shield\",Lore:[\"§b§oThe spikes are prickly and cold but not exactly lethal\",\"\",\"§7+45% health\",\"§7+30% Knockback Resistance\",\"§7Unbreaking\",\"§bPart of Icicle Equipment\"]},HideFlags:63,ench:[{id:34,lvl:10}],BlockEntityTag:{Base:6,Patterns:[{Pattern:tts,Color:12},{Pattern:bts,Color:12},{Pattern:flo,Color:12},{Pattern:mr,Color:12}]},AttributeModifiers:[{AttributeName:generic.knockbackResistance,Name:;generic.knockbackResistance,Amount:0.3,Operation:0,UUIDMost:20543,UUIDLeast:142321,Slot:offhand},{AttributeName:generic.maxHealth,Name:;generic.maxHealth,Amount:0.45,Operation:1,UUIDMost:35352,UUIDLeast:123553,Slot:offhand}]}"
						},
						{
							"function": "set_damage",
							"damage": {
								"min": 0.33,
								"max": 0.66
							}
						}
                    ]
                }
            ]
        }
    ]
}