{
    "pools": [
        {
            "rolls": 1,
            "entries": [
                {
                    "type": "item",
                    "name": "minecraft:diamond_leggings",
                    "weight": 1,
                    "functions": [
						{
							"function": "set_nbt",
							"tag": "{display:{Name:\"§bIcicle Greaves\",Lore:[\"§b§oMade from hollowed-out icicles\",\"\",\"§7+45% health\",\"§7Protection III\",\"§7Thorns I\",\"§7Unbreaking\",\"§bPart of Icicle Equipment\"]},HideFlags:63,ench:[{id:0,lvl:3},{id:7,lvl:1},{id:34,lvl:10}],AttributeModifiers:[{AttributeName:generic.maxHealth,Name:;generic.maxHealth,Amount:0.45,Operation:1,UUIDMost:28244,UUIDLeast:139352,Slot:legs}]}"
						},
						{
							"function": "set_damage",
							"damage": {
								"min": 0.33,
								"max": 0.66
							}
						}
                    ]
                }
            ]
        }
    ]
}