{
    "pools": [
        {
            "rolls": 1,
            "entries": [
                {
                    "type": "item",
                    "name": "minecraft:iron_boots",
                    "weight": 1,
                    "functions": [
						{
							"function": "set_nbt",
							"tag": "{display:{Name:\"§9Inuit Footwear\",Lore:[\"§9§oYou don't want cold feet!\",\"\",\"§7+15% health\",\"§7Protection I\",\"§7Unbreaking\",\"§9Part of Polar Equipment\"]},HideFlags:63,ench:[{id:0,lvl:1},{id:34,lvl:10}],AttributeModifiers:[{AttributeName:generic.maxHealth,Name:;generic.maxHealth,Amount:0.15,Operation:1,UUIDMost:29433,UUIDLeast:164351,Slot:feet}]}"
						},
						{
							"function": "set_damage",
							"damage": {
								"min": 0.33,
								"max": 0.66
							}
						}
                    ]
                }
            ]
        }
    ]
}