{
    "pools": [
        {
            "rolls": 1,
            "entries": [
                {
                    "type": "item",
                    "name": "minecraft:bow",
                    "weight": 1,
                    "functions": [
						{
							"function": "set_nbt",
							"tag": "{display:{Name:\"§ePacked Puncher\",Lore:[\"§e§oUseful for pushing enemies off cliffs\",\"\",\"§7When charged up:\",\"§7 18 Ranged Damage\",\"§7Punch I\",\"§7Infinity\",\"§7Unbreaking\",\"§ePart of Miner Equipment\"]},HideFlags:63,ench:[{id:48,lvl:3},{id:51,lvl:1},{id:49,lvl:1},{id:34,lvl:10}]}"
						},
						{
							"function": "set_damage",
							"damage": {
								"min": 0.33,
								"max": 0.66
							}
						}
                    ]
                }
            ]
        }
    ]
}