{
    "pools": [
        {
            "rolls": 1,
            "entries": [
                {
                    "type": "item",
                    "name": "minecraft:shield",
                    "weight": 1,
                    "functions": [
						{
							"function": "set_nbt",
							"tag": "{display:{Name:\"§1Riot Shield\",Lore:[\"§1§oUse to control a riot or protect yourself if you start one\",\"\",\"§7+35% health\",\"§7+30% Knockback Resistance\",\"§7Unbreaking\",\"§1Part of Police Equipment\"]},HideFlags:63,ench:[{id:34,lvl:10}],BlockEntityTag:{Base:8,Patterns:[{Pattern:hh,Color:12},{Pattern:ts,Color:8}]},AttributeModifiers:[{AttributeName:generic.knockbackResistance,Name:;generic.knockbackResistance,Amount:0.3,Operation:0,UUIDMost:20543,UUIDLeast:142321,Slot:offhand},{AttributeName:generic.maxHealth,Name:;generic.maxHealth,Amount:0.35,Operation:1,UUIDMost:35352,UUIDLeast:123553,Slot:offhand}]}"
						},
						{
							"function": "set_damage",
							"damage": {
								"min": 0.33,
								"max": 0.66
							}
						}
                    ]
                }
            ]
        }
    ]
}