{
    "pools": [
        {
            "rolls": 1,
            "entries": [
                {
                    "type": "item",
                    "name": "minecraft:stone_sword",
                    "weight": 1,
                    "functions": [
						{
							"function": "set_nbt",
							"tag": "{display:{Name:\"§aScout Dagger\",Lore:[\"§a§oCertainly one of the longest daggers you'll ever see\",\"\",\"§76 Attack Damage\",\"§71.8 Attack Speed\",\"§7Unbreaking\",\"§aPart of Soldier Equipment\"]},HideFlags:63,ench:[{id:34,lvl:10}],AttributeModifiers:[{AttributeName:generic.attackDamage,Name:;generic.attackDamage,Amount:5,Operation:0,UUIDMost:21461,UUIDLeast:272516,Slot:mainhand},{AttributeName:generic.attackSpeed,Name:;generic.attackSpeed,Amount:-2.2,Operation:0,UUIDMost:22516,UUIDLeast:101536,Slot:mainhand}]}"
						},
						{
							"function": "set_damage",
							"damage": {
								"min": 0.33,
								"max": 0.66
							}
						}
                    ]
                }
            ]
        }
    ]
}