{
    "pools": [
        {
            "rolls": 1,
            "entries": [
                {
                    "type": "item",
                    "name": "minecraft:bow",
                    "weight": 1,
                    "functions": [
						{
							"function": "set_nbt",
							"tag": "{display:{Name:\"§aSoldier Repeater\",Lore:[\"§a§oIt would be a rifle but it shoots arrows not bullets\",\"\",\"§7When charged up:\",\"§7 13.5 Ranged Damage\",\"§7Infinity\",\"§7Unbreaking\",\"§aPart of Soldier Equipment\"]},HideFlags:63,ench:[{id:48,lvl:1},{id:51,lvl:1},{id:34,lvl:10}]}"
						},
						{
							"function": "set_damage",
							"damage": {
								"min": 0.33,
								"max": 0.66
							}
						}
                    ]
                }
            ]
        }
    ]
}