{"stat.crouchOneCm":34138,"stat.useItem.minecraft.chest":48,"stat.useItem.minecraft.web":16,"stat.useItem.minecraft.cobblestone":555,"stat.useItem.minecraft.sticky_piston":10,"stat.useItem.minecraft.stone_button":25,"achievement.exploreAllBiomes":{"value":0,"progress":["Desert","Plains","Sky"]},"stat.useItem.minecraft.log":145,"stat.useItem.minecraft.netherrack":29,"stat.useItem.minecraft.spruce_door":3,"stat.useItem.minecraft.redstone_block":49,"stat.useItem.minecraft.quartz_block":20,"stat.useItem.minecraft.command_block":100,"achievement.openInventory":2047,"stat.damageDealt":4690,"stat.useItem.minecraft.obsidian":86,"stat.useItem.minecraft.fence":24,"stat.useItem.minecraft.item_frame":1,"stat.useItem.minecraft.brick_block":592,"stat.useItem.minecraft.hay_block":122,"stat.useItem.minecraft.planks":217,"stat.fallOneCm":15333,"stat.flyOneCm":20955503,"stat.useItem.minecraft.writable_book":13,"stat.useItem.minecraft.coal_ore":1,"stat.damageTaken":41920,"stat.useItem.minecraft.torch":69,"stat.useItem.minecraft.milk_bucket":4,"stat.useItem.minecraft.bed":1,"stat.useItem.minecraft.diamond_sword":11,"stat.useItem.minecraft.monster_egg":115,"stat.useItem.minecraft.oak_stairs":11,"stat.useItem.minecraft.skull":1,"stat.useItem.minecraft.stonebrick":791,"stat.useItem.minecraft.dye":60,"stat.useItem.minecraft.furnace":2,"stat.useItem.minecraft.flower_pot":1,"stat.useItem.minecraft.trapped_chest":13,"stat.useItem.minecraft.ladder":106,"stat.useItem.minecraft.redstone_lamp":3,"stat.killEntity.EntityHorse":10,"stat.climbOneCm":99333,"stat.useItem.minecraft.redstone":99,"stat.useItem.minecraft.sapling":17,"stat.useItem.minecraft.brick_stairs":146,"stat.drop":42,"stat.useItem.minecraft.repeater":99,"stat.useItem.minecraft.stone_pressure_plate":1,"stat.useItem.minecraft.iron_ore":91,"stat.leaveGame":51,"stat.diveOneCm":78304,"stat.useItem.minecraft.glowstone":4,"stat.useItem.minecraft.bow":16,"stat.useItem.minecraft.gold_ore":170,"stat.useItem.minecraft.lever":13,"stat.useItem.minecraft.gold_block":17,"stat.useItem.minecraft.glass":1,"stat.killEntity.Spider":2,"stat.useItem.minecraft.sand":168,"stat.useItem.minecraft.stone_slab":80,"stat.timeSinceDeath":336,"stat.killEntity.Creeper":1,"stat.useItem.minecraft.iron_trapdoor":1,"stat.playOneMinute":3529557,"stat.useItem.minecraft.redstone_torch":37,"stat.useItem.minecraft.wool":28,"stat.killEntity.Pig":1,"stat.useItem.minecraft.written_book":13,"stat.deaths":37,"stat.useItem.minecraft.coal_block":2,"stat.useItem.minecraft.wooden_slab":123,"stat.swimOneCm":147251,"stat.useItem.minecraft.sandstone_stairs":16,"stat.mobKills":18,"stat.killEntity.Skeleton":2,"stat.walkOneCm":7710250,"stat.killEntity.Zombie":2,"stat.useItem.minecraft.sandstone":731,"stat.useItem.minecraft.sign":33,"stat.useItem.minecraft.iron_door":10,"stat.jump":18822,"stat.useItem.minecraft.armor_stand":1,"stat.useItem.minecraft.spawn_egg":23,"stat.useItem.minecraft.trapdoor":5,"stat.sprintOneCm":752094,"stat.useItem.minecraft.dirt":42}