{"stat.crouchOneCm":24884,"stat.useItem.minecraft.web":12,"stat.useItem.minecraft.cobblestone":337,"achievement.exploreAllBiomes":{"value":0,"progress":["Desert","Plains","Sky"]},"stat.useItem.minecraft.log":92,"stat.useItem.minecraft.netherrack":7,"stat.useItem.minecraft.heavy_weighted_pressure_plate":1,"stat.useItem.minecraft.spruce_door":1,"achievement.openInventory":1239,"stat.damageDealt":730,"stat.useItem.minecraft.experience_bottle":18,"stat.useItem.minecraft.obsidian":43,"stat.useItem.minecraft.brick_block":270,"stat.useItem.minecraft.hay_block":62,"stat.craftItem.minecraft.leather_helmet":1,"stat.useItem.minecraft.planks":64,"stat.fallOneCm":5971,"stat.flyOneCm":26629776,"stat.useItem.minecraft.stonebrick":151,"stat.useItem.minecraft.writable_book":24,"stat.useItem.minecraft.dye":106,"stat.damageTaken":15690,"stat.useItem.minecraft.flower_pot":1,"stat.useItem.minecraft.torch":4,"stat.useItem.minecraft.monster_egg":16,"stat.useItem.minecraft.flint_and_steel":30,"stat.climbOneCm":80298,"stat.useItem.minecraft.potion":2,"stat.useItem.minecraft.oak_stairs":10,"stat.useItem.minecraft.wheat_seeds":1,"stat.useItem.minecraft.brick_stairs":43,"stat.drop":120,"stat.useItem.minecraft.stone_pressure_plate":72,"stat.useItem.minecraft.iron_ore":1,"stat.leaveGame":51,"stat.diveOneCm":98260,"stat.useItem.minecraft.gold_ore":12,"stat.useItem.minecraft.gold_block":1,"stat.useItem.minecraft.diamond_ore":1,"stat.useItem.minecraft.sand":94,"stat.useItem.minecraft.stone_slab":90,"stat.timeSinceDeath":9818,"stat.killEntity.Creeper":1,"stat.useItem.minecraft.crafting_table":1,"stat.useItem.minecraft.emerald_block":1,"stat.playOneMinute":3144365,"stat.useItem.minecraft.written_book":24,"stat.deaths":11,"stat.swimOneCm":73297,"stat.useItem.minecraft.sandstone_stairs":32,"stat.mobKills":3,"stat.killEntity.Skeleton":1,"stat.horseOneCm":35110,"stat.walkOneCm":7779277,"stat.killEntity.Zombie":1,"stat.useItem.minecraft.sandstone":820,"stat.useItem.minecraft.sign":22,"stat.useItem.minecraft.diamond_hoe":2,"stat.jump":11021,"stat.useItem.minecraft.armor_stand":2,"stat.useItem.minecraft.spawn_egg":1,"stat.useItem.minecraft.quartz_ore":1,"stat.sprintOneCm":241671,"stat.useItem.minecraft.dirt":96}