{
    "pools": [
		{
			"conditions": [
                {
                    "condition": "random_chance_with_looting",
                    "chance": 0.07,
					"looting_multiplier": 0.01
                }
            ],
            "rolls": {
                "min": 1,
                "max": 1
            },
			"entries": [
			{
                    "type": "item",
                    "name": "minecraft:stone_sword",
                    "weight": 1,
                    "functions": [
						{
							"function": "set_nbt",
							"tag": "{display:{Name:\"§rStone Sword\",Lore:[\"\",\"§75 Attack Damage\",\"§71.6 Attack Speed\"]},HideFlags:63,AttributeModifiers:[{AttributeName:generic.attackDamage,Name:;generic.attackDamage,Amount:4,Operation:0,UUIDMost:21461,UUIDLeast:272516,Slot:mainhand},{AttributeName:generic.attackSpeed,Name:;generic.attackSpeed,Amount:-2.4,Operation:0,UUIDMost:22516,UUIDLeast:101536,Slot:mainhand}]}"
						},
						{
							"function": "set_damage",
							"damage": {
								"min": 0.33,
								"max": 0.66
							}
						}
                    ]
                }
			]	
		}
    ]
}