{
    "pools": [
		{
			"rolls": {
                "min": 4,
                "max": 4
            },
            "entries": [
                {
                    "type": "item",
                    "name": "minecraft:cooked_beef",
                    "weight": 1,
                    "functions": [
						{
							"function": "set_count",
							"count": {
								"min": 7,
								"max": 9
							}
						}
					]
				}
			]
		},
		{
			"rolls": {
                "min": 6,
                "max": 6
            },
            "entries": [
				{
                    "type": "item",
                    "name": "minecraft:stone_sword",
                    "weight": 1,
                    "functions": [
						{
							"function": "set_nbt",
							"tag": "{display:{Name:\"§rStone Sword\",Lore:[\"\",\"§75 Attack Damage\",\"§71.6 Attack Speed\",\"§7Unbreaking\"]},HideFlags:63,ench:[{id:34,lvl:10}],AttributeModifiers:[{AttributeName:generic.attackDamage,Name:;generic.attackDamage,Amount:4,Operation:0,UUIDMost:21461,UUIDLeast:272516,Slot:mainhand},{AttributeName:generic.attackSpeed,Name:;generic.attackSpeed,Amount:-2.4,Operation:0,UUIDMost:22516,UUIDLeast:101536,Slot:mainhand}]}"
						}
                    ]
                },
				{
                    "type": "item",
                    "name": "minecraft:stone_sword",
                    "weight": 2,
                    "functions": [
						{
							"function": "set_nbt",
							"tag": "{display:{Name:\"§aScout Dagger\",Lore:[\"§a§oCertainly one of the longest daggers you'll ever see\",\"\",\"§76 Attack Damage\",\"§71.8 Attack Speed\",\"§7Unbreaking\",\"§aPart of Soldier Equipment\"]},HideFlags:63,ench:[{id:34,lvl:10}],AttributeModifiers:[{AttributeName:generic.attackDamage,Name:;generic.attackDamage,Amount:5,Operation:0,UUIDMost:21461,UUIDLeast:272516,Slot:mainhand},{AttributeName:generic.attackSpeed,Name:;generic.attackSpeed,Amount:-2.2,Operation:0,UUIDMost:22516,UUIDLeast:101536,Slot:mainhand}]}"
						}
                    ]
                },
				{
                    "type": "item",
                    "name": "minecraft:stone_sword",
                    "weight": 2,
                    "functions": [
						{
							"function": "set_nbt",
							"tag": "{display:{Name:\"§aArmy Lance\",Lore:[\"§a§oA monstrously long sword unofficially dubbed a lance\",\"\",\"§77 Attack Damage\",\"§71.6 Attack Speed\",\"§aPart of Soldier Equipment\"]},HideFlags:63,ench:[{id:34,lvl:10}],AttributeModifiers:[{AttributeName:generic.attackDamage,Name:;generic.attackDamage,Amount:6,Operation:0,UUIDMost:21461,UUIDLeast:272516,Slot:mainhand},{AttributeName:generic.attackSpeed,Name:;generic.attackSpeed,Amount:-2.4,Operation:0,UUIDMost:22516,UUIDLeast:101536,Slot:mainhand}]}"
						}
                    ]
                },
				{
                    "type": "item",
                    "name": "minecraft:bow",
                    "weight": 3,
                    "functions": [
						{
							"function": "set_nbt",
							"tag": "{display:{Name:\"§rBow\",Lore:[\"\",\"§7When charged up:\",\"§7 9 Ranged Damage\",\"§7Infinity\",\"§7Unbreaking\"]},HideFlags:63,ench:[{id:34,lvl:10},{id:51,lvl:1}]}"
						}
                    ]
                },
				{
                    "type": "item",
                    "name": "minecraft:leather_helmet",
                    "weight": 3,
                    "functions": [
						{
							"function": "set_nbt",
							"tag": "{display:{color:4210752,Name:\"§rStone Cap\",Lore:[\"\",\"§7+10% health\",\"§7Unbreaking\"]},HideFlags:63,ench:[{id:34,lvl:10}],AttributeModifiers:[{AttributeName:generic.maxHealth,Name:;generic.maxHealth,Amount:0.10,Operation:1,UUIDMost:22245,UUIDLeast:137656,Slot:head}]}"
						}
                    ]
                },
				{
                    "type": "item",
                    "name": "minecraft:chainmail_chestplate",
                    "weight": 3,
                    "functions": [
						{
							"function": "set_nbt",
							"tag": "{display:{Name:\"§rChain Chestplate\",Lore:[\"\",\"§7+20% health\",\"§7Unbreaking\"]},HideFlags:63,ench:[{id:34,lvl:10}],AttributeModifiers:[{AttributeName:generic.maxHealth,Name:;generic.maxHealth,Amount:0.20,Operation:1,UUIDMost:26434,UUIDLeast:197326,Slot:chest}]}"
						}
                    ]
                },
				{
                    "type": "item",
                    "name": "minecraft:leather_leggings",
                    "weight": 3,
                    "functions": [
						{
							"function": "set_nbt",
							"tag": "{display:{color:4210752,Name:\"§rStone Leggings\",Lore:[\"\",\"§7+15% health\",\"§7Unbreaking\"]},HideFlags:63,ench:[{id:34,lvl:10}],AttributeModifiers:[{AttributeName:generic.maxHealth,Name:;generic.maxHealth,Amount:0.15,Operation:1,UUIDMost:28244,UUIDLeast:139352,Slot:legs}]}"
						}
                    ]
                },
				{
                    "type": "item",
                    "name": "minecraft:chainmail_boots",
                    "weight": 3,
                    "functions": [
						{
							"function": "set_nbt",
							"tag": "{display:{Name:\"§rChain Boots\",Lore:[\"\",\"§7+10% health\",\"§7Unbreaking\"]},HideFlags:63,ench:[{id:34,lvl:10}],AttributeModifiers:[{AttributeName:generic.maxHealth,Name:;generic.maxHealth,Amount:0.10,Operation:1,UUIDMost:29433,UUIDLeast:164351,Slot:feet}]}"
						}
                    ]
                }
            ]
        }
    ]
}