{
    "pools": [
        {
			"rolls": {
				"min": 6,
				"max": 6
			},
			"entries": [
				{
					"type": "item",
					"name": "minecraft:cooked_beef",
					"weight": 4,
					"functions": [
						{
							"function": "set_count",
							"count": {
								"min": 2,
								"max": 5
								}
							}
						]	
					},
				{
					"type": "item",
					"name": "minecraft:experience_bottle",
					"weight": 3,
					"functions": [
						{
							"function": "set_count",
							"count": {
								"min": 8,
								"max": 12
								}
							}
						]	
					},
				{
					"type": "empty",
					"weight": 2
					}
			]
		},
		{
            "rolls": {
                "min": 3,
                "max": 3
            },
            "entries": [
                {
                    "type": "loot_table",
                    "name": "aos:equipment/diamond_edge",
                    "weight": 4
                },
				{
                    "type": "loot_table",
                    "name": "aos:equipment/diamond_pick",
                    "weight": 4
                },
				{
                    "type": "loot_table",
                    "name": "aos:equipment/jewel_bow",
                    "weight": 4
                },
				{
                    "type": "loot_table",
                    "name": "aos:equipment/shiny_shield",
                    "weight": 4
                },
				{
                    "type": "loot_table",
                    "name": "aos:equipment/headlamped_helmet",
                    "weight": 6
                },
				{
                    "type": "loot_table",
                    "name": "aos:equipment/miner_overalls",
                    "weight": 6
                },
				{
                    "type": "loot_table",
                    "name": "aos:equipment/rough_pants",
                    "weight": 6
                },
				{
                    "type": "loot_table",
                    "name": "aos:equipment/frost_walkers",
                    "weight": 6
                },
				{
                    "type": "loot_table",
                    "name": "aos:equipment/potion/mid/random_potion",
                    "weight": 40
                }
            ]
        }
    ]
}