{"stat.useItem.minecraft.bow":6,"stat.useItem.minecraft.chain_command_block":691,"stat.useItem.minecraft.quartz_block":117,"stat.killEntity.EntityHorse":10,"stat.leaveGame":171,"stat.killEntity.Blaze":17,"stat.useItem.minecraft.repeating_command_block":12,"stat.useItem.minecraft.glowstone":25,"stat.killEntity.PigZombie":6,"stat.drop.minecraft.skull":8,"stat.useItem.minecraft.planks":655,"stat.pickup.minecraft.glowstone_dust":4,"stat.useItem.minecraft.fire_charge":5,"stat.entityKilledBy.PigZombie":1,"stat.pickup.minecraft.rotten_flesh":14,"stat.pickup.minecraft.splash_potion":28,"stat.useItem.minecraft.activator_rail":2,"stat.craftItem.minecraft.fire_charge":4,"stat.useItem.minecraft.rail":63,"stat.killEntity.Enderman":1,"stat.pickup.minecraft.leather_boots":3,"stat.useItem.minecraft.anvil":4,"stat.pickup.minecraft.chainmail_chestplate":2,"stat.killEntity.Witch":2,"stat.killEntity.Villager":17,"stat.hopperInspected":23,"stat.useItem.minecraft.spawn_egg":26,"stat.pickup.minecraft.packed_ice":1,"stat.trappedChestTriggered":71,"stat.useItem.minecraft.command_block_minecart":1,"stat.useItem.minecraft.redstone":5021,"stat.pickup.minecraft.leather_helmet":3,"achievement.mineWood":0,"stat.useItem.minecraft.stained_glass":879,"stat.pickup.minecraft.iron_chestplate":3,"stat.useItem.minecraft.fence":229,"stat.useItem.minecraft.stone_stairs":20,"stat.useItem.minecraft.ice":86,"achievement.openInventory":7516,"stat.pickup.minecraft.potion":35,"stat.useItem.minecraft.flint_and_steel":1,"stat.useItem.minecraft.wooden_button":89,"stat.useItem.minecraft.lingering_potion":2,"stat.useItem.minecraft.hopper":163,"stat.pickup.minecraft.fermented_spider_eye":1,"stat.deaths":39,"stat.playOneMinute":14225638,"stat.pickup.minecraft.blaze_rod":4,"stat.useItem.minecraft.nether_brick":157,"stat.pickup.minecraft.diamond_block":1,"stat.chestOpened":397,"stat.useItem.minecraft.splash_potion":73,"stat.pickup.minecraft.pumpkin":64,"stat.useItem.minecraft.stone":4426,"stat.drop.minecraft.packed_ice":1,"stat.pickup.minecraft.arrow":24,"stat.pickup.minecraft.iron_sword":7,"stat.useItem.minecraft.ender_chest":1,"stat.pickup.minecraft.lapis_ore":1,"stat.useItem.minecraft.clay":1,"stat.useItem.minecraft.packed_ice":2145,"stat.breakItem.minecraft.leather_helmet":2,"stat.useItem.minecraft.experience_bottle":2,"stat.fallOneCm":24614,"stat.drop.minecraft.stone":2,"stat.useItem.minecraft.trapped_chest":19,"stat.crouchOneCm":229342,"stat.useItem.minecraft.nether_brick_fence":29,"stat.useItem.minecraft.golden_rail":21,"stat.pickup.minecraft.iron_leggings":4,"stat.useItem.minecraft.wool":8,"stat.pickup.minecraft.chainmail_boots":4,"stat.useItem.minecraft.iron_bars":401,"stat.useItem.minecraft.torch":200,"stat.useItem.minecraft.log":718,"stat.useItem.minecraft.comparator":301,"stat.useItem.minecraft.cobblestone":441,"stat.useItem.minecraft.gravel":214,"stat.killEntity.LavaSlime":10,"stat.minecartOneCm":9854,"stat.pickup.minecraft.redstone_block":3,"stat.pickup.minecraft.log":1,"stat.pickup.minecraft.iron_pickaxe":5,"stat.pickup.minecraft.chainmail_leggings":2,"stat.pickup.minecraft.sapling":1,"stat.useItem.minecraft.tallgrass":22,"stat.useItem.minecraft.glass_pane":14,"stat.useItem.minecraft.barrier":262,"stat.pickup.minecraft.diamond_helmet":5,"stat.pickup.minecraft.stone_sword":11,"stat.useItem.minecraft.stonebrick":3250,"stat.useItem.minecraft.monster_egg":39,"stat.pickup.minecraft.red_flower":1,"stat.sneakTime":127011,"stat.drop.minecraft.grass":1,"stat.useItem.minecraft.web":71,"stat.useItem.minecraft.lapis_block":55,"stat.pickup.minecraft.lingering_potion":4,"stat.pickup.minecraft.bone":1,"stat.useItem.minecraft.repeater":2240,"stat.useItem.minecraft.log2":15,"stat.useItem.minecraft.beacon":18,"stat.useItem.minecraft.skull":10,"stat.pickup.minecraft.leather_chestplate":5,"stat.useItem.minecraft.diamond_sword":290,"stat.swimOneCm":18757,"stat.useItem.minecraft.snow":593,"stat.climbOneCm":70655,"stat.useItem.minecraft.coal_block":58,"stat.enderchestOpened":1,"stat.useItem.minecraft.obsidian":520,"stat.useItem.minecraft.redstone_torch":22,"stat.useItem.minecraft.dirt":2489,"stat.pickup.minecraft.bow":20,"achievement.exploreAllBiomes":{"value":0,"progress":["Ice Plains"]},"stat.pickup.minecraft.iron_boots":10,"stat.pickup.minecraft.diamond_leggings":6,"stat.useItem.minecraft.brick_block":12,"stat.flyOneCm":121484943,"stat.pickup.minecraft.redstone":1,"stat.timeSinceDeath":109268,"stat.useItem.minecraft.sign":440,"stat.useItem.minecraft.wooden_slab":226,"stat.useItem.minecraft.iron_door":9,"stat.useItem.minecraft.lever":57,"stat.pickup.minecraft.chainmail_helmet":2,"stat.drop.minecraft.stained_glass":3,"stat.killEntity.Wolf":26,"stat.killEntity.Creeper":18,"stat.pickup.minecraft.shield":8,"stat.talkedToVillager":12,"stat.pickup.minecraft.wooden_sword":1,"stat.useItem.minecraft.sea_lantern":36,"stat.useItem.minecraft.written_book":184,"stat.useItem.minecraft.diamond_block":26,"stat.sprintOneCm":800707,"stat.pickup.minecraft.paper":2,"stat.useItem.minecraft.stone_slab":430,"stat.useItem.minecraft.bed":1,"stat.pickup.minecraft.grass":1,"stat.useItem.minecraft.stone_pressure_plate":41,"stat.pickup.minecraft.diamond_chestplate":5,"stat.pickup.minecraft.leather_leggings":4,"stat.drop":1027,"stat.pickup.minecraft.stone_button":1,"stat.killEntity.Sheep":1,"stat.useItem.minecraft.banner":21,"stat.useItem.minecraft.ladder":32,"stat.useItem.minecraft.diamond_ore":1,"stat.killEntity.Zombie":51,"stat.diveOneCm":71231,"stat.pickup.minecraft.wheat":15,"stat.useItem.minecraft.sticky_piston":86,"stat.pickup.minecraft.sign":2,"stat.useItem.minecraft.quartz_stairs":8,"stat.killEntity.Slime":9,"stat.pickup.minecraft.stone_axe":2,"stat.useItem.minecraft.potion":5,"stat.pickup.minecraft.diamond_sword":9,"stat.useItem.minecraft.bedrock":162,"stat.useItem.minecraft.sand":7,"stat.jump":33256,"stat.pickup.minecraft.iron_helmet":3,"stat.pickup.minecraft.iron_ingot":8,"stat.useItem.minecraft.piston":164,"stat.useItem.minecraft.stone_button":67,"stat.pickup.minecraft.experience_bottle":28,"stat.useItem.minecraft.glass":228,"stat.useItem.minecraft.dispenser":7,"stat.pickup.minecraft.command_block":3,"stat.useItem.minecraft.redstone_lamp":36,"stat.pickup.minecraft.iron_axe":2,"stat.damageTaken":739213,"stat.useItem.minecraft.stone_brick_stairs":34,"stat.pickup.minecraft.written_book":5,"stat.useItem.minecraft.gold_block":5,"stat.dispenserInspected":16,"stat.tradedWithVillager":4,"stat.pickup.minecraft.magma_cream":1,"stat.noteblockTuned":4,"stat.craftItem.minecraft.glowstone":1,"stat.useItem.minecraft.slime":9,"stat.killEntity.CaveSpider":3,"stat.entityKilledBy.Zombie":2,"stat.pickup.minecraft.diamond_axe":1,"stat.breakItem.minecraft.chainmail_leggings":1,"stat.pickup.minecraft.stained_glass":2,"stat.damageDealt":179630,"stat.useItem.minecraft.snow_layer":1244,"stat.sleepInBed":1,"stat.killEntity.Cow":20,"stat.killEntity.Pig":19,"stat.pickup.minecraft.piston":1,"stat.useItem.minecraft.command_block":5311,"stat.walkOneCm":25363662,"stat.useItem.minecraft.chest":235,"stat.useItem.minecraft.pumpkin":6,"stat.useItem.minecraft.tnt":271,"stat.useItem.minecraft.emerald_block":1,"stat.useItem.minecraft.lava_bucket":12,"stat.useItem.minecraft.redstone_block":1177,"stat.pickup.minecraft.tnt":8,"stat.useItem.minecraft.item_frame":38,"stat.useItem.minecraft.spruce_stairs":194,"stat.pickup.minecraft.stone":2,"stat.useItem.minecraft.stained_hardened_clay":196,"stat.useItem.minecraft.leaves":2,"stat.drop.minecraft.command_block":2,"stat.pickup.minecraft.cooked_beef":156,"stat.useItem.minecraft.netherrack":171,"stat.killEntity.Skeleton":58,"stat.killEntity.Chicken":3,"stat.useItem.minecraft.iron_block":152,"stat.mobKills":364,"stat.pickup.minecraft.diamond_boots":3,"stat.useItem.minecraft.mossy_cobblestone":18,"stat.useItem.minecraft.cobblestone_wall":16,"stat.useItem.minecraft.writable_book":9,"stat.drop.minecraft.arrow":3}