{"stat.craftItem.298":1,"stat.useItem.174":229,"stat.killEntity.Ghast":3,"stat.useItem.173":41,"stat.useItem.3":37,"stat.useItem.65":2,"stat.useItem.351":25,"achievement.exploreAllBiomes":{"value":0,"progress":["Ice Plains"]},"stat.useItem.112":371,"stat.mineBlock.1":26,"stat.useItem.30":5,"stat.useItem.89":86,"achievement.openInventory":269,"stat.damageDealt":33110,"stat.useItem.50":48,"stat.useItem.49":95,"stat.useItem.259":8,"stat.useItem.5":89,"stat.fallOneCm":633,"stat.flyOneCm":10953065,"stat.useItem.78":709,"stat.useItem.95":49,"stat.damageTaken":-2147483399,"stat.useItem.380":5,"stat.useItem.86":4,"stat.useItem.69":17,"stat.killEntity.EntityHorse":4,"stat.climbOneCm":8884,"stat.useItem.156":1,"stat.useItem.87":747,"stat.killEntity.Chicken":1,"stat.drop":20,"stat.useItem.159":780,"stat.useItem.106":34,"stat.craftItem.300":1,"stat.useItem.14":6,"stat.useItem.129":7,"stat.playOneMinute":1247465,"stat.useItem.278":37,"stat.useItem.123":2,"stat.craftItem.301":1,"stat.useItem.155":3346,"stat.leaveGame":39,"stat.diveOneCm":15,"stat.useItem.6":5,"stat.useItem.330":1,"stat.useItem.54":6,"stat.useItem.41":3,"stat.useItem.61":33,"stat.useItem.85":82,"stat.useItem.80":1972,"stat.useItem.277":906,"stat.useItem.383":42,"stat.useItem.79":5,"stat.craftItem.299":1,"stat.killEntity.PigZombie":3,"stat.useItem.57":1,"stat.useItem.22":80,"stat.useItem.58":3,"stat.swimOneCm":2697,"stat.killEntity.Skeleton":3,"stat.walkOneCm":4083101,"stat.useItem.77":1,"stat.useItem.145":38,"stat.useItem.35":102,"stat.useItem.44":1860,"stat.useItem.7":21,"stat.jump":16099,"stat.deaths":1,"stat.mineBlock.3":906,"stat.mineBlock.98":11,"stat.useItem.113":138,"stat.mobKills":15,"stat.useItem.42":504,"stat.useItem.389":9,"stat.useItem.98":4925,"stat.useItem.276":68,"stat.useItem.27":1,"stat.useItem.56":6,"stat.useItem.1":1004,"stat.useItem.138":33,"stat.useItem.102":41,"stat.useItem.101":36}