{"stat.useItem.minecraft.end_bricks":38,"stat.useItem.minecraft.lapis_block":9,"stat.useItem.minecraft.stone":8,"stat.useItem.minecraft.quartz_stairs":1,"stat.leaveGame":13,"stat.useItem.minecraft.beacon":1,"stat.useItem.minecraft.skull":8,"stat.pickup.minecraft.leather_chestplate":2,"stat.useItem.minecraft.stained_glass_pane":25,"stat.pickup.minecraft.diamond_sword":1,"stat.useItem.minecraft.bedrock":13,"stat.jump":209,"stat.drop.minecraft.skull":3,"stat.fallOneCm":209,"stat.drop.minecraft.stone":1,"stat.useItem.minecraft.nether_brick_stairs":348,"stat.drop.minecraft.coal_block":1,"stat.crouchOneCm":9758,"stat.useItem.minecraft.coal_block":373,"stat.useItem.minecraft.dirt":25,"stat.useItem.minecraft.light_weighted_pressure_plate":32,"achievement.exploreAllBiomes":{"value":0,"progress":["Plains"]},"stat.pickup.minecraft.rotten_flesh":3,"stat.damageTaken":1358,"stat.useItem.minecraft.gold_block":49,"stat.useItem.minecraft.anvil":165,"stat.flyOneCm":885359,"stat.damageDealt":146,"stat.useItem.minecraft.wool":282,"stat.useItem.minecraft.snow_layer":9,"stat.timeSinceDeath":246164,"stat.useItem.minecraft.sign":11,"stat.drop.minecraft.log":1,"stat.useItem.minecraft.spawn_egg":1,"stat.walkOneCm":114392,"stat.drop.minecraft.rotten_flesh":3,"stat.useItem.minecraft.log":25,"stat.pickup.minecraft.light_weighted_pressure_plate":2,"stat.useItem.minecraft.tnt":11,"stat.drop.minecraft.end_stone":1,"stat.drop.minecraft.stained_glass":1,"stat.drop.minecraft.wool":1,"stat.drop.minecraft.sign":2,"stat.useItem.minecraft.end_stone":1,"stat.useItem.minecraft.redstone_block":13,"stat.drop.minecraft.leather_chestplate":1,"stat.drop.minecraft.stained_hardened_clay":4,"stat.pickup.minecraft.stone":1,"stat.drop.minecraft.lapis_block":1,"stat.drop.minecraft.anvil":2,"stat.pickup.minecraft.leather_helmet":3,"stat.useItem.minecraft.stained_hardened_clay":819,"stat.sprintOneCm":26144,"stat.useItem.minecraft.stained_glass":9,"stat.pickup.minecraft.skull":4,"stat.useItem.minecraft.stone_slab":39,"achievement.openInventory":105,"stat.pickup.minecraft.stone_sword":1,"stat.deaths":8,"stat.useItem.minecraft.cobblestone_wall":14,"stat.drop":8,"stat.playOneMinute":278701,"stat.useItem.minecraft.nether_brick":41,"stat.sneakTime":9723,"stat.drop.minecraft.redstone_block":1,"stat.pickup.minecraft.elytra":2}