{"stat.walkOneCm":176855,"stat.playerKills":1,"stat.leaveGame":3,"stat.pickup.minecraft.light_weighted_pressure_plate":2,"stat.useItem.minecraft.skull":4,"stat.pickup.minecraft.leather_chestplate":2,"stat.pickup.minecraft.shield":2,"stat.drop.minecraft.shield":2,"stat.jump":153,"stat.drop.minecraft.skull":132,"stat.drop.minecraft.leather_chestplate":2,"stat.drop.minecraft.diamond_helmet":1,"stat.drop.minecraft.stained_hardened_clay":3,"stat.drop.minecraft.light_weighted_pressure_plate":2,"stat.crouchOneCm":6059,"stat.useItem.minecraft.stained_hardened_clay":18,"stat.sprintOneCm":70803,"achievement.exploreAllBiomes":{"value":0,"progress":["Plains"]},"stat.pickup.minecraft.skull":126,"stat.drop.minecraft.barrier":2,"achievement.openInventory":56,"stat.useItem.minecraft.barrier":23,"stat.pickup.minecraft.diamond_helmet":1,"stat.drop.minecraft.leather_boots":2,"stat.damageTaken":1080,"stat.pickup.minecraft.name_tag":3,"stat.mobKills":2,"stat.pickup.minecraft.leather_leggings":2,"stat.pickup.minecraft.leather_boots":2,"stat.useItem.minecraft.anvil":1,"stat.flyOneCm":121879,"stat.deaths":7,"stat.drop":1,"stat.drop.minecraft.leather_leggings":3,"stat.playOneMinute":47617,"stat.sneakTime":3019,"stat.damageDealt":234,"stat.timeSinceDeath":3255,"stat.useItem.minecraft.sign":10,"stat.pickup.minecraft.stained_hardened_clay":2,"stat.drop.minecraft.name_tag":3}