{"stat.useItem.minecraft.bow":195,"stat.useItem.minecraft.end_bricks":2,"stat.useItem.minecraft.quartz_block":317,"stat.useItem.minecraft.painting":45,"stat.pickup.minecraft.stone_pressure_plate":1,"stat.pickup.minecraft.lit_pumpkin":1,"stat.leaveGame":28,"stat.useItem.minecraft.log2":145,"stat.useItem.minecraft.bookshelf":27,"stat.useItem.minecraft.glowstone":15,"stat.drop.minecraft.purpur_slab":1,"stat.drop.minecraft.end_bricks":1,"stat.useItem.minecraft.planks":3027,"stat.useItem.minecraft.nether_brick_stairs":34,"stat.drop.minecraft.coal_block":3,"stat.useItem.minecraft.coal_block":63,"stat.useItem.minecraft.redstone_torch":1,"stat.useItem.minecraft.dirt":2132,"stat.useItem.minecraft.red_sandstone_stairs":74,"stat.useItem.minecraft.stone_slab2":27,"achievement.exploreAllBiomes":{"value":0,"progress":["Plains","The End"]},"stat.useItem.minecraft.red_flower":37,"stat.useItem.minecraft.sandstone_stairs":85,"stat.useItem.minecraft.purpur_stairs":270,"stat.useItem.minecraft.rail":35,"stat.drop.minecraft.quartz_stairs":1,"stat.useItem.minecraft.totem":1,"stat.drop.minecraft.elytra":5,"stat.aviateOneCm":354033,"stat.useItem.minecraft.anvil":1,"stat.flyOneCm":6581067,"stat.timeSinceDeath":291103,"stat.useItem.minecraft.sign":58,"stat.pickup.minecraft.stained_hardened_clay":1,"stat.useItem.minecraft.wooden_slab":1131,"stat.pickup.minecraft.mutton":35,"stat.useItem.minecraft.iron_door":1,"stat.useItem.minecraft.lever":1,"stat.pickup.minecraft.light_weighted_pressure_plate":3,"stat.useItem.minecraft.oak_stairs":2,"stat.pickup.minecraft.stonebrick":1,"stat.drop.minecraft.stained_glass":1,"stat.pickup.minecraft.carpet":2,"stat.drop.minecraft.wool":5,"stat.useItem.minecraft.dark_oak_stairs":42,"stat.pickup.minecraft.wooden_button":4,"stat.drop.minecraft.stone_slab":2,"stat.useItem.minecraft.end_stone":28,"stat.drop.minecraft.stained_hardened_clay":9,"stat.useItem.minecraft.spruce_fence":98,"achievement.mineWood":1,"stat.useItem.minecraft.trapdoor":91,"stat.sprintOneCm":758893,"stat.useItem.minecraft.stained_glass":58,"stat.useItem.minecraft.diamond_shovel":13,"stat.drop.minecraft.totem":1,"stat.useItem.minecraft.fence":20,"stat.useItem.minecraft.stone_stairs":20,"stat.useItem.minecraft.dark_oak_door":5,"stat.useItem.minecraft.stone_slab":1338,"achievement.openInventory":591,"stat.useItem.minecraft.cauldron":1,"stat.useItem.minecraft.flint_and_steel":4,"stat.drop.minecraft.nether_brick_stairs":1,"stat.useItem.minecraft.wooden_button":13,"stat.useItem.minecraft.stone_pressure_plate":2,"stat.drop.minecraft.leaves":1,"stat.useItem.minecraft.lingering_potion":2,"stat.useItem.minecraft.dye":455,"stat.deaths":13,"stat.drop":12,"stat.playOneMinute":1904879,"stat.pickup.minecraft.stone_button":2,"stat.killEntity.Sheep":2,"stat.useItem.minecraft.jungle_stairs":110,"stat.useItem.minecraft.ladder":40,"stat.useItem.minecraft.purpur_block":871,"stat.useItem.minecraft.birch_stairs":31,"stat.useItem.minecraft.jukebox":2,"stat.drop.minecraft.flower_pot":1,"stat.chestOpened":1,"stat.pickup.minecraft.sign":16,"stat.useItem.minecraft.stone":765,"stat.useItem.minecraft.quartz_stairs":53,"stat.useItem.minecraft.sponge":379,"stat.pickup.minecraft.stained_glass_pane":2,"stat.useItem.minecraft.carpet":160,"stat.useItem.minecraft.stained_glass_pane":251,"stat.pickup.minecraft.stone_brick_stairs":1,"stat.pickup.minecraft.diamond_sword":1,"stat.useItem.minecraft.flower_pot":2,"stat.jump":5058,"stat.fallOneCm":12862,"stat.drop.minecraft.stone":1,"stat.drop.minecraft.dye":10,"stat.useItem.minecraft.piston":2,"stat.crouchOneCm":134636,"stat.pickup.minecraft.rail":1,"stat.useItem.minecraft.stone_button":5,"stat.useItem.minecraft.coal_ore":2,"stat.pickup.minecraft.dirt":2,"stat.useItem.minecraft.light_weighted_pressure_plate":6,"stat.drop.minecraft.stained_glass_pane":2,"stat.useItem.minecraft.glass":2,"stat.drop.minecraft.barrier":3,"stat.useItem.minecraft.sapling":56,"stat.useItem.minecraft.golden_rail":3,"stat.damageTaken":2505,"stat.useItem.minecraft.dark_oak_fence":27,"stat.useItem.minecraft.stone_brick_stairs":444,"stat.useItem.minecraft.furnace":3,"stat.useItem.minecraft.gold_block":28,"stat.drop.minecraft.stone_button":1,"stat.pickup.minecraft.dye":10,"stat.pickup.minecraft.planks":4,"stat.pickup.minecraft.bed":13,"stat.useItem.minecraft.birch_fence":2,"stat.damageDealt":289,"stat.drop.minecraft.carpet":1,"stat.useItem.minecraft.wool":2714,"stat.useItem.minecraft.snow_layer":40,"stat.walkOneCm":1461384,"stat.useItem.minecraft.torch":2,"stat.useItem.minecraft.chest":5,"stat.useItem.minecraft.pumpkin":144,"stat.useItem.minecraft.log":764,"stat.useItem.minecraft.cobblestone":163,"stat.useItem.minecraft.gravel":133,"stat.useItem.minecraft.emerald_block":15,"stat.pickup.minecraft.log":1,"stat.pickup.minecraft.totem":1,"stat.drop.minecraft.sign":5,"stat.useItem.minecraft.spruce_stairs":341,"stat.drop.minecraft.planks":2,"stat.useItem.minecraft.stained_hardened_clay":2052,"stat.pickup.minecraft.sapling":3,"stat.useItem.minecraft.leaves":260,"stat.pickup.minecraft.ladder":3,"stat.useItem.minecraft.glass_pane":83,"stat.useItem.minecraft.netherrack":7,"stat.drop.minecraft.lit_pumpkin":1,"stat.useItem.minecraft.prismarine":6,"stat.pickup.minecraft.barrier":1,"stat.useItem.minecraft.tripwire_hook":2,"stat.useItem.minecraft.barrier":58,"stat.useItem.minecraft.iron_block":5,"stat.mobKills":3,"stat.useItem.minecraft.wooden_pressure_plate":4,"stat.useItem.minecraft.stonebrick":1292,"stat.useItem.minecraft.wooden_door":7,"stat.useItem.minecraft.monster_egg":68,"stat.useItem.minecraft.grass_path":7,"stat.useItem.minecraft.cobblestone_wall":112,"stat.pickup.minecraft.red_flower":10,"stat.sneakTime":76975,"stat.pickup.minecraft.wool":27,"stat.useItem.minecraft.purpur_slab":788,"stat.useItem.minecraft.brewing_stand":1,"stat.pickup.minecraft.stone_slab":1}