{"stat.useItem.minecraft.string":11,"stat.useItem.minecraft.lapis_block":6,"stat.useItem.minecraft.painting":2,"stat.useItem.minecraft.quartz_block":5,"stat.pickup.minecraft.redstone_torch":13,"stat.pickup.minecraft.lit_pumpkin":1,"stat.useItem.minecraft.repeater":1,"stat.leaveGame":64,"stat.useItem.minecraft.diamond_sword":2,"stat.useItem.minecraft.glowstone":2,"stat.useItem.minecraft.planks":485,"stat.useItem.minecraft.end_rod":1,"stat.useItem.minecraft.nether_brick_stairs":72,"stat.useItem.minecraft.redstone_torch":24,"stat.useItem.minecraft.dirt":1,"stat.useItem.minecraft.red_sandstone_stairs":410,"stat.useItem.minecraft.stone_slab2":51,"achievement.exploreAllBiomes":{"value":0,"progress":["Plains","The End"]},"stat.drop.minecraft.redstone_torch":1,"stat.useItem.minecraft.sandstone_stairs":157,"stat.useItem.minecraft.rail":1,"stat.aviateOneCm":212,"stat.pickup.minecraft.diamond_hoe":2,"stat.flyOneCm":2895479,"stat.pickup.minecraft.glass_bottle":1,"stat.pickup.minecraft.redstone":3,"stat.timeSinceDeath":5457,"stat.useItem.minecraft.sign":94,"stat.drop.minecraft.sandstone_stairs":3,"stat.useItem.minecraft.melon_block":178,"stat.useItem.minecraft.spawn_egg":4,"stat.useItem.minecraft.wooden_slab":89,"stat.useItem.minecraft.iron_door":3,"stat.pickup.minecraft.armor_stand":8,"stat.useItem.minecraft.lever":1,"stat.pickup.minecraft.dark_oak_door":1,"stat.useItem.minecraft.oak_stairs":63,"stat.drop.minecraft.red_sandstone_stairs":1,"stat.drop.minecraft.stained_glass":4,"stat.furnaceInteraction":1,"stat.pickup.minecraft.carpet":5,"stat.useItem.minecraft.dark_oak_stairs":10,"stat.drop.minecraft.wool":6,"stat.useItem.minecraft.armor_stand":9,"stat.drop.minecraft.spawn_egg":1,"stat.drop.minecraft.stone_slab":5,"stat.pickup.minecraft.sponge":1,"stat.pickup.minecraft.filled_map":1,"stat.useItem.minecraft.minecart":1,"stat.useItem.minecraft.redstone":5,"stat.useItem.minecraft.sea_lantern":7,"stat.pickup.minecraft.sandstone_stairs":1,"stat.useItem.minecraft.trapdoor":2,"stat.sprintOneCm":731205,"stat.useItem.minecraft.stained_glass":43,"stat.drop.minecraft.fishing_rod":2,"stat.useItem.minecraft.stone_stairs":9,"stat.useItem.minecraft.dark_oak_door":1,"stat.useItem.minecraft.stone_slab":156,"achievement.openInventory":855,"stat.drop.minecraft.carrot_on_a_stick":21,"stat.useItem.minecraft.structure_block":3,"stat.drop.minecraft.leaves":1,"stat.useItem.minecraft.hopper":4,"stat.pickup.minecraft.lever":1,"stat.deaths":14,"stat.drop":172,"stat.playOneMinute":3177490,"stat.pickup.minecraft.stone_button":2,"stat.useItem.minecraft.wooden_sword":95,"stat.useItem.minecraft.jungle_stairs":11,"stat.useItem.minecraft.purpur_block":25,"stat.killEntity.Zombie":13,"stat.pickup.minecraft.iron_bars":2,"stat.drop.minecraft.glass_bottle":1,"stat.chestOpened":3,"stat.useItem.minecraft.structure_void":12,"stat.pickup.minecraft.sign":4,"stat.useItem.minecraft.stone":175,"stat.useItem.minecraft.sponge":238,"stat.useItem.minecraft.glass_bottle":13,"stat.useItem.minecraft.carpet":708,"stat.useItem.minecraft.stained_glass_pane":25,"stat.pickup.minecraft.stone_brick_stairs":1,"stat.drop.minecraft.sponge":2,"stat.useItem.minecraft.flower_pot":16,"stat.jump":3121,"stat.fallOneCm":5714,"stat.drop.minecraft.stone":11,"stat.crouchOneCm":71735,"stat.useItem.minecraft.stone_button":67,"stat.drop.minecraft.barrier":2,"stat.useItem.minecraft.golden_rail":75,"stat.damageTaken":3179,"stat.useItem.minecraft.dark_oak_fence":5,"stat.useItem.minecraft.stone_brick_stairs":33,"stat.useItem.minecraft.furnace":6,"stat.drop.minecraft.stone_button":17,"stat.useItem.minecraft.carrot_on_a_stick":348,"stat.pickup.minecraft.planks":1,"stat.entityKilledBy.Zombie":8,"stat.drop.minecraft.spruce_fence":1,"stat.pickup.minecraft.stained_glass":1,"stat.drop.minecraft.diamond_hoe":34,"stat.damageDealt":3326,"stat.drop.minecraft.carpet":3,"stat.useItem.minecraft.wool":128,"stat.flowerPotted":15,"stat.useItem.minecraft.iron_bars":2,"stat.useItem.minecraft.command_block":144,"stat.walkOneCm":1156806,"stat.useItem.minecraft.torch":2,"stat.useItem.minecraft.chest":7,"stat.drop.minecraft.item_frame":1,"stat.drop.minecraft.stone_brick_stairs":2,"stat.useItem.minecraft.pumpkin":59,"stat.useItem.minecraft.log":29,"stat.useItem.minecraft.cobblestone":7,"stat.minecartOneCm":337,"stat.drop.minecraft.sign":19,"stat.drop.minecraft.iron_door":1,"stat.drop.minecraft.stonebrick":1,"stat.useItem.minecraft.item_frame":13,"stat.useItem.minecraft.spruce_stairs":37,"stat.drop.minecraft.planks":4,"stat.useItem.minecraft.leaves":15,"stat.drop.minecraft.wooden_slab":1,"stat.drop.minecraft.command_block":23,"stat.useItem.minecraft.redstone_ore":1,"stat.drop.minecraft.lit_pumpkin":3,"stat.useItem.minecraft.tripwire_hook":6,"stat.pickup.minecraft.carrot_on_a_stick":2,"stat.useItem.minecraft.barrier":133,"stat.useItem.minecraft.daylight_detector":4,"stat.drop.minecraft.filled_map":1,"stat.mobKills":15,"stat.useItem.minecraft.stonebrick":71,"stat.useItem.minecraft.cobblestone_wall":6,"stat.pickup.minecraft.iron_door":1,"stat.drop.minecraft.spruce_stairs":1,"stat.pickup.minecraft.torch":1,"stat.sneakTime":35895,"stat.pickup.minecraft.wool":4,"stat.drop.minecraft.sea_lantern":1,"stat.pickup.minecraft.stone_slab":2,"stat.pickup.minecraft.golden_rail":2,"stat.drop.minecraft.grass":1,"stat.useItem.minecraft.fishing_rod":20,"stat.pickup.minecraft.red_sandstone_stairs":1}