{"stat.flyOneCm":23598,"stat.walkOneCm":23501,"stat.useItem.minecraft.chain_command_block":1,"stat.jump":70,"stat.playOneMinute":24529,"stat.pickup.minecraft.carrot_on_a_stick":1,"stat.useItem.minecraft.redstone_block":10,"stat.leaveGame":1,"stat.sneakTime":371,"stat.crouchOneCm":855,"stat.timeSinceDeath":24529,"stat.sprintOneCm":2974,"stat.useItem.minecraft.carrot_on_a_stick":292,"stat.useItem.minecraft.repeating_command_block":4,"achievement.exploreAllBiomes":{"value":0,"progress":["Plains"]}}