{"stat.useItem.minecraft.end_bricks":130,"stat.walkOneCm":26539,"stat.useItem.minecraft.stone_slab":294,"achievement.openInventory":15,"stat.leaveGame":1,"stat.pickup.minecraft.light_weighted_pressure_plate":1,"stat.pickup.minecraft.anvil":64,"stat.damageTaken":560,"stat.useItem.minecraft.gold_block":43,"stat.flyOneCm":165241,"stat.deaths":2,"stat.jump":54,"stat.playOneMinute":28321,"stat.fallOneCm":1668,"stat.useItem.minecraft.end_rod":10,"stat.useItem.minecraft.nether_brick_stairs":68,"stat.sneakTime":2410,"stat.drop.minecraft.light_weighted_pressure_plate":1,"stat.crouchOneCm":3932,"stat.useItem.minecraft.coal_block":114,"stat.useItem.minecraft.wool":26,"stat.timeSinceDeath":27522,"stat.useItem.minecraft.stained_hardened_clay":57,"stat.useItem.minecraft.nether_brick_fence":4,"stat.sprintOneCm":9386,"stat.useItem.minecraft.stained_glass":14,"stat.useItem.minecraft.light_weighted_pressure_plate":21,"stat.useItem.minecraft.wooden_slab":4,"achievement.exploreAllBiomes":{"value":0,"progress":["Plains"]}}