{"stat.useItem.minecraft.end_bricks":431,"stat.drop.minecraft.armor_stand":2,"stat.useItem.minecraft.quartz_block":138,"stat.pickup.minecraft.sign":2,"stat.useItem.minecraft.stone":264,"stat.useItem.minecraft.quartz_stairs":30,"stat.leaveGame":9,"stat.drop.minecraft.glowstone_dust":64,"stat.useItem.minecraft.log2":35,"stat.useItem.minecraft.skull":1,"stat.useItem.minecraft.stained_glass_pane":27,"stat.jump":806,"stat.drop.minecraft.end_bricks":2,"stat.drop.minecraft.skull":64,"stat.useItem.minecraft.planks":10,"stat.useItem.minecraft.nether_brick_stairs":105,"stat.drop.minecraft.dye":137,"stat.drop.minecraft.coal_block":1,"stat.crouchOneCm":14274,"stat.useItem.minecraft.coal_block":284,"stat.pickup.minecraft.dirt":4,"achievement.exploreAllBiomes":{"value":0,"progress":["Plains","The End"]},"stat.drop.minecraft.iron_sword":1,"stat.useItem.minecraft.glass":2,"stat.boatOneCm":4078,"stat.useItem.minecraft.redstone_lamp":18,"stat.useItem.minecraft.golden_rail":4,"stat.damageTaken":1120,"stat.pickup.minecraft.leather":3,"stat.useItem.minecraft.rail":11,"stat.drop.minecraft.quartz_stairs":65,"stat.pickup.minecraft.dye":25,"stat.useItem.minecraft.anvil":2,"stat.flyOneCm":1500059,"stat.pickup.minecraft.nether_brick_stairs":1,"stat.useItem.minecraft.stone_sword":51,"stat.damageDealt":657,"stat.useItem.minecraft.wool":216,"stat.timeSinceDeath":96374,"stat.killEntity.Cow":2,"stat.useItem.minecraft.sign":44,"stat.useItem.minecraft.spawn_egg":20,"stat.useItem.minecraft.iron_bars":5,"stat.useItem.minecraft.command_block":2,"stat.walkOneCm":189454,"stat.pickup.minecraft.armor_stand":1,"stat.useItem.minecraft.lever":6,"stat.drop.minecraft.iron_bars":64,"stat.drop.minecraft.stained_glass":1,"stat.drop.minecraft.dirt":63,"stat.drop.minecraft.wool":64,"stat.minecartOneCm":35035,"stat.drop.minecraft.stone_slab":3,"stat.drop.minecraft.sign":2,"stat.drop.minecraft.redstone_lamp":1,"stat.useItem.minecraft.minecart":3,"stat.useItem.minecraft.redstone_block":11,"stat.pickup.minecraft.beef":5,"stat.drop.minecraft.stained_hardened_clay":8,"stat.drop.minecraft.sapling":64,"stat.useItem.minecraft.stained_hardened_clay":686,"stat.killEntity.Squid":2,"stat.useItem.minecraft.leaves":19,"stat.sprintOneCm":96155,"stat.drop.minecraft.command_block":2,"stat.pickup.minecraft.skull":1,"stat.useItem.minecraft.stone_slab":1075,"stat.useItem.minecraft.acacia_fence":9,"achievement.openInventory":84,"stat.useItem.minecraft.iron_sword":10,"stat.useItem.minecraft.acacia_boat":2,"stat.drop.minecraft.nether_brick_stairs":2,"stat.mobKills":17,"stat.deaths":7,"stat.drop":207,"stat.useItem.minecraft.furnace_minecart":1,"stat.playOneMinute":363714,"stat.useItem.minecraft.nether_brick":57,"stat.sneakTime":8799,"stat.drop.minecraft.redstone_block":2,"stat.drop.minecraft.quartz_block":2,"stat.useItem.minecraft.web":38}