{"stat.craftItem.minecraft.leather_leggings":10,"stat.useItem.minecraft.string":5,"stat.beaconInteraction":1,"stat.useItem.minecraft.end_bricks":5,"stat.drop.minecraft.armor_stand":2,"stat.useItem.minecraft.quartz_block":1,"stat.pickup.minecraft.spruce_fence_gate":1,"stat.leaveGame":6,"stat.useItem.minecraft.skull":5,"stat.pickup.minecraft.leather_chestplate":2,"stat.drop.minecraft.shield":2,"stat.drop.minecraft.skull":346,"stat.drop.minecraft.end_bricks":1,"stat.useItem.minecraft.end_rod":3,"stat.useItem.minecraft.nether_brick_stairs":13,"stat.drop.minecraft.coal_block":2,"stat.useItem.minecraft.coal_block":26,"stat.enderchestOpened":8,"achievement.exploreAllBiomes":{"value":0,"progress":["Plains"]},"stat.useItem.minecraft.water_bucket":1,"stat.pickup.minecraft.rotten_flesh":2,"stat.drop.minecraft.end_crystal":1,"stat.drop.minecraft.leather_boots":17,"stat.pickup.minecraft.name_tag":1,"stat.useItem.minecraft.rail":1,"stat.drop.minecraft.splash_potion":2,"stat.pickup.minecraft.leather_boots":5,"stat.drop.minecraft.elytra":9,"stat.flyOneCm":957788,"stat.drop.minecraft.heavy_weighted_pressure_plate":1,"stat.timeSinceDeath":45697,"stat.useItem.minecraft.sign":10,"stat.drop.minecraft.end_portal_frame":1,"stat.pickup.minecraft.stained_hardened_clay":2,"stat.drop.minecraft.name_tag":1,"stat.useItem.minecraft.lever":1,"stat.pickup.minecraft.light_weighted_pressure_plate":1,"stat.drop.minecraft.stained_glass":3,"stat.drop.minecraft.wool":2,"stat.drop.minecraft.dark_oak_fence_gate":1,"stat.pickup.minecraft.shield":3,"stat.useItem.minecraft.armor_stand":1,"stat.drop.minecraft.spawn_egg":1,"stat.drop.minecraft.ender_chest":5,"stat.drop.minecraft.stone_slab":3,"stat.drop.minecraft.bedrock":1,"stat.useItem.minecraft.minecart":1,"stat.drop.minecraft.stained_hardened_clay":17,"stat.useItem.minecraft.milk_bucket":2,"stat.drop.minecraft.light_weighted_pressure_plate":2,"stat.sprintOneCm":208319,"stat.useItem.minecraft.stained_glass":13,"stat.pickup.minecraft.end_rod":2,"stat.pickup.minecraft.skull":69,"stat.useItem.minecraft.stone_slab":88,"achievement.openInventory":234,"stat.useItem.minecraft.cauldron":1,"stat.drop.minecraft.nether_brick_stairs":2,"stat.useItem.minecraft.hopper":1,"stat.drop.minecraft.cauldron":1,"stat.pickup.minecraft.leather_leggings":3,"stat.drop.minecraft.boat":1,"stat.pickup.minecraft.lever":1,"stat.deaths":5,"stat.drop":65,"stat.drop.minecraft.spruce_fence_gate":1,"stat.playOneMinute":224392,"stat.craftItem.minecraft.leather_chestplate":11,"stat.killEntity.Sheep":33,"stat.chestOpened":1,"stat.useItem.minecraft.splash_potion":591,"stat.drop.minecraft.dark_oak_fence":1,"stat.pickup.minecraft.sign":2,"stat.drop.minecraft.hopper":1,"stat.useItem.minecraft.quartz_stairs":75,"stat.useItem.minecraft.ender_chest":10,"stat.useItem.minecraft.heavy_weighted_pressure_plate":1,"stat.useItem.minecraft.carpet":9,"stat.useItem.minecraft.stained_glass_pane":21,"stat.drop.minecraft.apple":1,"stat.useItem.minecraft.bedrock":1,"stat.jump":843,"stat.fallOneCm":418,"stat.drop.minecraft.dye":540,"stat.drop.minecraft.diamond_sword":2,"stat.crouchOneCm":39006,"stat.pickup.minecraft.dirt":21,"stat.useItem.minecraft.light_weighted_pressure_plate":2,"stat.craftingTableInteraction":12,"stat.drop.minecraft.stained_glass_pane":4,"stat.drop.minecraft.milk_bucket":1,"stat.drop.minecraft.barrier":8,"stat.useItem.minecraft.dark_oak_fence":1,"stat.damageTaken":1320,"stat.useItem.minecraft.end_crystal":1,"stat.useItem.minecraft.gold_block":4,"stat.pickup.minecraft.dye":59,"stat.damageDealt":23,"stat.useItem.minecraft.wool":5,"stat.useItem.minecraft.crafting_table":9,"stat.walkOneCm":488217,"stat.useItem.minecraft.chest":1,"stat.craftItem.minecraft.leather_boots":30,"stat.drop.minecraft.sign":3,"stat.drop.minecraft.leather_chestplate":14,"stat.useItem.minecraft.stained_hardened_clay":116,"stat.useItem.minecraft.barrier":19,"stat.drop.minecraft.dragon_breath":1,"stat.drop.minecraft.crafting_table":1,"stat.drop.minecraft.end_rod":5,"stat.mobKills":33,"stat.useItem.minecraft.boat":1,"stat.drop.minecraft.leather_leggings":12,"stat.sneakTime":12624,"stat.pickup.minecraft.wool":2,"stat.pickup.minecraft.elytra":11,"stat.drop.minecraft.quartz_block":1,"stat.drop.minecraft.wooden_axe":1}