{"stat.walkOneCm":90492,"stat.playerKills":2,"stat.leaveGame":2,"stat.useItem.minecraft.diamond_axe":12,"stat.useItem.minecraft.tnt":2,"stat.drop.minecraft.stained_glass":2,"stat.drop.minecraft.flint_and_steel":1,"stat.pickup.minecraft.leather_chestplate":1,"stat.drop.minecraft.diamond_axe":2,"stat.drop.minecraft.shield":2,"stat.jump":62,"stat.drop.minecraft.skull":61,"stat.fallOneCm":13835,"stat.drop.minecraft.stone":81,"stat.drop.minecraft.leather_chestplate":1,"stat.drop.minecraft.stained_hardened_clay":1,"stat.pickup.minecraft.stone":39,"stat.crouchOneCm":6231,"stat.sprintOneCm":42349,"stat.useItem.minecraft.stained_glass":4,"achievement.exploreAllBiomes":{"value":0,"progress":["Plains"]},"stat.pickup.minecraft.skull":64,"achievement.openInventory":16,"stat.useItem.minecraft.flint_and_steel":2,"stat.drop.minecraft.leather_boots":1,"stat.damageTaken":3220,"stat.pickup.minecraft.name_tag":1,"stat.pickup.minecraft.leather_leggings":1,"stat.pickup.minecraft.leather_boots":1,"stat.flyOneCm":73421,"stat.deaths":16,"stat.drop":51,"stat.drop.minecraft.leather_leggings":1,"stat.playOneMinute":21161,"stat.pickup.minecraft.diamond_axe":2,"stat.sneakTime":2091,"stat.damageDealt":482,"stat.drop.minecraft.tnt":1,"stat.timeSinceDeath":9138,"stat.pickup.minecraft.stained_hardened_clay":1,"stat.drop.minecraft.name_tag":1}