{"stat.useItem.minecraft.bow":38,"stat.useItem.minecraft.end_bricks":312,"stat.useItem.minecraft.quartz_block":55,"stat.pickup.minecraft.redstone_torch":1,"stat.useItem.minecraft.repeater":4,"stat.leaveGame":15,"stat.useItem.minecraft.beacon":3,"stat.drop.minecraft.leather_helmet":4,"stat.killEntity.Ozelot":1,"stat.useItem.minecraft.skull":38,"stat.useItem.minecraft.diamond_sword":7,"stat.useItem.minecraft.glowstone":5,"stat.drop.minecraft.skull":141,"stat.drop.minecraft.end_bricks":3,"stat.useItem.minecraft.end_rod":5,"stat.useItem.minecraft.nether_brick_stairs":4,"stat.useItem.minecraft.redstone_torch":4,"stat.useItem.minecraft.obsidian":3,"stat.useItem.minecraft.dirt":1,"achievement.exploreAllBiomes":{"value":0,"progress":["Plains","The End"]},"stat.drop.minecraft.redstone_torch":64,"stat.useItem.minecraft.golden_sword":18,"stat.drop.minecraft.golden_helmet":1,"stat.pickup.minecraft.name_tag":64,"stat.drop.minecraft.quartz_stairs":5,"stat.pickup.minecraft.quartz_stairs":1,"stat.drop.minecraft.elytra":2,"stat.useItem.minecraft.anvil":14,"stat.flyOneCm":1442116,"stat.timeSinceDeath":1766,"stat.useItem.minecraft.sign":11,"stat.useItem.minecraft.spawn_egg":45,"stat.pickup.minecraft.stained_hardened_clay":3,"stat.drop.minecraft.name_tag":64,"stat.pickup.minecraft.mutton":11,"stat.pickup.minecraft.light_weighted_pressure_plate":1,"stat.drop.minecraft.stained_glass":1,"stat.furnaceInteraction":4,"stat.drop.minecraft.dirt":1,"stat.useItem.minecraft.armor_stand":3,"stat.talkedToVillager":1,"stat.pickup.minecraft.wooden_sword":1,"stat.drop.minecraft.spawn_egg":1,"stat.drop.minecraft.stone_slab":4,"stat.useItem.minecraft.minecart":1,"stat.useItem.minecraft.sea_lantern":11,"stat.drop.minecraft.stained_hardened_clay":264,"stat.drop.minecraft.light_weighted_pressure_plate":1,"stat.drop.minecraft.anvil":64,"stat.killEntity.Squid":3,"stat.sprintOneCm":188403,"stat.useItem.minecraft.stained_glass":165,"stat.pickup.minecraft.skull":1,"stat.drop.minecraft.potion":1,"stat.useItem.minecraft.stone_slab":262,"achievement.openInventory":300,"stat.drop.minecraft.nether_brick_stairs":1,"stat.useItem.minecraft.lingering_potion":52,"stat.drop.minecraft.tipped_arrow":10,"stat.deaths":29,"stat.drop":159,"stat.playOneMinute":271789,"stat.useItem.minecraft.wooden_sword":110,"stat.killEntity.Sheep":9,"stat.useItem.minecraft.nether_brick":46,"stat.useItem.minecraft.ladder":3,"stat.drop.minecraft.redstone_block":1,"stat.killEntity.Zombie":18,"stat.drop.minecraft.diamond_pickaxe":1,"stat.pickup.minecraft.sign":2,"stat.useItem.minecraft.stone":57,"stat.useItem.minecraft.quartz_stairs":19,"stat.useItem.minecraft.diamond_axe":11,"stat.useItem.minecraft.carpet":5,"stat.useItem.minecraft.potion":1,"stat.useItem.minecraft.stained_glass_pane":23,"stat.pickup.minecraft.diamond_sword":3,"stat.useItem.minecraft.bedrock":77,"stat.jump":1049,"stat.fallOneCm":26030,"stat.drop.minecraft.stone":2,"stat.drop.minecraft.dye":66,"stat.drop.minecraft.stone_sword":1,"stat.drop.minecraft.diamond_sword":8,"stat.drop.minecraft.wooden_sword":2,"stat.crouchOneCm":30736,"stat.useItem.minecraft.light_weighted_pressure_plate":1,"stat.craftingTableInteraction":1,"stat.drop.minecraft.stained_glass_pane":3,"stat.drop.minecraft.barrier":3,"stat.useItem.minecraft.sapling":1,"stat.pickup.minecraft.command_block":1,"stat.useItem.minecraft.golden_rail":1,"stat.damageTaken":9624,"stat.pickup.minecraft.dye":34,"stat.useItem.minecraft.end_portal_frame":1,"stat.entityKilledBy.Zombie":2,"stat.damageDealt":4502,"stat.drop.minecraft.carpet":2,"stat.useItem.minecraft.wool":59,"stat.useItem.minecraft.crafting_table":2,"stat.useItem.minecraft.command_block":4,"stat.walkOneCm":358437,"stat.useItem.minecraft.chest":2,"stat.useItem.minecraft.tnt":4,"stat.minecartOneCm":655,"stat.drop.minecraft.sign":17,"stat.useItem.minecraft.redstone_block":3,"stat.drop.minecraft.sapling":1,"stat.drop.minecraft.potato":1,"stat.useItem.minecraft.stained_hardened_clay":1002,"stat.useItem.minecraft.leaves":2,"stat.drop.minecraft.command_block":1,"stat.drop.minecraft.bow":1,"stat.drop.minecraft.nether_brick":1,"stat.useItem.minecraft.barrier":71,"stat.drop.minecraft.crafting_table":1,"stat.drop.minecraft.end_rod":64,"stat.mobKills":35,"stat.sneakTime":15357,"stat.pickup.minecraft.wool":6,"stat.drop.minecraft.quartz_block":3,"stat.useItem.minecraft.fishing_rod":10}