{"stat.useItem.minecraft.bow":5,"stat.useItem.minecraft.end_bricks":146,"stat.useItem.minecraft.chain_command_block":963,"stat.useItem.minecraft.quartz_block":730,"stat.useItem.minecraft.painting":28,"stat.leaveGame":102,"stat.useItem.minecraft.repeating_command_block":60,"stat.pickup.minecraft.lapis_block":1,"stat.useItem.minecraft.glowstone":23,"stat.drop.minecraft.shield":1,"stat.breakItem.minecraft.wooden_sword":2,"stat.drop.minecraft.skull":9,"stat.useItem.minecraft.planks":1543,"stat.useItem.minecraft.nether_brick_stairs":67,"stat.drop.minecraft.coal_block":1,"stat.pickup.minecraft.porkchop":2,"stat.useItem.minecraft.red_sandstone_stairs":9,"stat.drop.minecraft.iron_sword":1,"stat.pickup.minecraft.rotten_flesh":13,"stat.pickup.minecraft.sand":1,"stat.useItem.minecraft.sandstone_stairs":35,"stat.useItem.minecraft.purpur_stairs":99,"stat.pickup.minecraft.cobblestone_wall":1,"stat.drop.minecraft.elytra":1,"stat.aviateOneCm":2537541,"stat.useItem.minecraft.anvil":3,"stat.pickup.minecraft.stained_hardened_clay":3,"stat.useItem.minecraft.spawn_egg":5,"stat.drop.minecraft.rail":1,"stat.pickup.minecraft.light_weighted_pressure_plate":1,"stat.useItem.minecraft.oak_stairs":1,"stat.furnaceInteraction":5,"stat.useItem.minecraft.dark_oak_stairs":6,"stat.pickup.minecraft.wooden_button":3,"stat.drop.minecraft.stone_slab":3,"stat.pickup.minecraft.filled_map":1,"stat.drop.minecraft.stained_hardened_clay":4,"stat.useItem.minecraft.stained_glass":484,"stat.pickup.minecraft.skull":3,"stat.useItem.minecraft.stone_stairs":2,"achievement.openInventory":972,"stat.drop.minecraft.nether_brick_stairs":1,"stat.useItem.minecraft.wooden_button":11,"stat.pickup.minecraft.lever":1,"stat.deaths":79,"stat.drop.minecraft.chain_command_block":34,"stat.playOneMinute":5418165,"stat.drop.minecraft.string":3,"stat.useItem.minecraft.jungle_stairs":14,"stat.useItem.minecraft.stone":3092,"stat.pickup.minecraft.iron_sword":1,"stat.useItem.minecraft.sponge":283,"stat.fallOneCm":104215,"stat.drop.minecraft.stone":2,"stat.drop.minecraft.dye":11,"stat.drop.minecraft.stone_sword":3,"stat.crouchOneCm":313112,"stat.pickup.minecraft.rail":1,"stat.pickup.minecraft.comparator":2,"stat.useItem.minecraft.golden_rail":4,"stat.pickup.minecraft.dye":14,"stat.pickup.minecraft.planks":3,"stat.useItem.minecraft.stone_sword":37,"stat.drop.minecraft.diamond_hoe":15,"stat.drop.minecraft.carpet":2,"stat.useItem.minecraft.wool":1012,"stat.drop.minecraft.stick":2,"stat.useItem.minecraft.log":66,"stat.useItem.minecraft.comparator":7,"stat.drop.minecraft.sign":64,"stat.drop.minecraft.stonebrick":1,"stat.drop.minecraft.planks":4,"stat.drop.minecraft.lapis_block":1,"stat.pickup.minecraft.wooden_door":2,"stat.useItem.minecraft.glass_pane":100,"stat.pickup.minecraft.carrot_on_a_stick":2,"stat.useItem.minecraft.iron_sword":26,"stat.useItem.minecraft.barrier":143,"stat.useItem.minecraft.stonebrick":764,"stat.useItem.minecraft.monster_egg":28,"stat.sneakTime":136691,"stat.pickup.minecraft.wool":5,"stat.useItem.minecraft.brick_stairs":17,"stat.pickup.minecraft.tripwire_hook":5,"stat.useItem.minecraft.lapis_block":13,"stat.useItem.minecraft.log2":2,"stat.useItem.minecraft.skull":3,"stat.useItem.minecraft.diamond_sword":76,"stat.drop.minecraft.purpur_slab":1,"stat.drop.minecraft.end_bricks":1,"stat.useItem.minecraft.snow":17,"stat.useItem.minecraft.coal_block":119,"stat.useItem.minecraft.dirt":125,"achievement.exploreAllBiomes":{"value":0,"progress":["Plains","The End"]},"stat.drop.minecraft.quartz_stairs":3,"stat.pickup.minecraft.quartz_stairs":2,"stat.pickup.minecraft.diamond_hoe":14,"stat.flyOneCm":21584121,"stat.timeSinceDeath":6033,"stat.useItem.minecraft.sign":162,"stat.useItem.minecraft.melon_block":4,"stat.useItem.minecraft.wooden_slab":283,"stat.pickup.minecraft.mutton":2,"stat.useItem.minecraft.lever":9,"stat.drop.minecraft.stained_glass":5,"stat.pickup.minecraft.carpet":4,"stat.drop.minecraft.wool":6,"stat.pickup.minecraft.shield":1,"stat.pickup.minecraft.string":20,"stat.drop.minecraft.anvil":1,"stat.useItem.minecraft.spruce_fence":63,"stat.sprintOneCm":2301321,"stat.useItem.minecraft.diamond_shovel":36,"stat.useItem.minecraft.stone_slab":959,"stat.drop.minecraft.carrot_on_a_stick":15,"stat.useItem.minecraft.structure_block":49,"stat.entityKilledBy.Creeper":1,"stat.drop.minecraft.cobblestone_wall":3,"stat.drop":138,"stat.pickup.minecraft.stone_button":3,"stat.useItem.minecraft.wooden_sword":904,"stat.killEntity.Sheep":1,"stat.useItem.minecraft.purpur_block":886,"stat.drop.minecraft.redstone_block":1,"stat.killEntity.Zombie":209,"stat.pickup.minecraft.sign":40,"stat.useItem.minecraft.quartz_stairs":235,"stat.useItem.minecraft.carpet":165,"stat.useItem.minecraft.stained_glass_pane":73,"stat.drop.minecraft.sponge":1,"stat.jump":19402,"stat.useItem.minecraft.sand":1,"stat.useItem.minecraft.piston":4,"stat.useItem.minecraft.stone_button":9,"stat.pickup.minecraft.dirt":25,"stat.useItem.minecraft.glass":55,"stat.drop.minecraft.barrier":5,"stat.boatOneCm":896,"stat.pickup.minecraft.command_block":11,"stat.useItem.minecraft.redstone_lamp":3,"stat.damageTaken":13140,"stat.pickup.minecraft.leather":31,"stat.useItem.minecraft.stone_brick_stairs":453,"stat.useItem.minecraft.gold_block":37,"stat.useItem.minecraft.carrot_on_a_stick":4072,"stat.useItem.minecraft.slime":1,"stat.pickup.minecraft.quartz_block":1,"stat.entityKilledBy.Zombie":21,"stat.pickup.minecraft.stained_glass":3,"stat.damageDealt":38447,"stat.useItem.minecraft.snow_layer":1248,"stat.useItem.minecraft.command_block":187,"stat.walkOneCm":3583144,"stat.playerKills":3,"stat.useItem.minecraft.chest":3,"stat.pickup.minecraft.stick":2,"stat.useItem.minecraft.pumpkin":155,"stat.pickup.minecraft.purpur_slab":2,"stat.drop.minecraft.iron_block":1,"stat.useItem.minecraft.redstone_block":14,"stat.useItem.minecraft.spruce_stairs":381,"stat.useItem.minecraft.stained_hardened_clay":2274,"stat.useItem.minecraft.leaves":379,"stat.drop.minecraft.command_block":12,"stat.drop.minecraft.lit_pumpkin":1,"stat.useItem.minecraft.tripwire_hook":18,"stat.drop.minecraft.lever":1,"stat.useItem.minecraft.iron_block":92,"stat.drop.minecraft.filled_map":1,"stat.mobKills":228,"stat.drop.minecraft.repeating_command_block":3,"stat.useItem.minecraft.cobblestone_wall":11,"stat.drop.minecraft.quartz_block":1,"stat.useItem.minecraft.purpur_slab":107}