{"stat.pickup.minecraft.sign":3,"stat.leaveGame":10,"stat.useItem.minecraft.sponge":1,"stat.drop.minecraft.leather_helmet":3,"stat.useItem.minecraft.skull":5,"stat.pickup.minecraft.leather_chestplate":1,"stat.useItem.minecraft.carpet":1,"stat.useItem.minecraft.potion":4,"stat.drop.minecraft.shield":1,"stat.jump":1209,"stat.drop.minecraft.skull":6,"stat.fallOneCm":14211,"stat.useItem.minecraft.planks":127,"stat.useItem.minecraft.end_rod":4,"stat.useItem.minecraft.nether_brick_stairs":25,"stat.drop.minecraft.coal_block":1,"stat.useItem.minecraft.coal_block":27,"stat.crouchOneCm":2336,"stat.pickup.minecraft.dirt":1,"stat.useItem.minecraft.dirt":23,"achievement.exploreAllBiomes":{"value":0,"progress":["Plains"]},"stat.drop.minecraft.end_crystal":1,"stat.damageTaken":4677,"stat.useItem.minecraft.purpur_stairs":105,"stat.useItem.minecraft.gold_block":37,"stat.pickup.minecraft.end_crystal":1,"stat.pickup.minecraft.leather_boots":1,"stat.drop.minecraft.elytra":14,"stat.aviateOneCm":178450,"stat.useItem.minecraft.anvil":4,"stat.flyOneCm":1001547,"stat.pickup.minecraft.diamond_axe":1,"stat.drop.minecraft.carpet":1,"stat.useItem.minecraft.wool":329,"stat.timeSinceDeath":1322,"stat.useItem.minecraft.sign":15,"stat.pickup.minecraft.mutton":15,"stat.walkOneCm":587551,"stat.pickup.minecraft.carpet":3,"stat.pickup.minecraft.shield":1,"stat.drop.minecraft.diamond_axe":1,"stat.drop.minecraft.diamond_helmet":1,"stat.useItem.minecraft.milk_bucket":7,"stat.pickup.minecraft.leather_helmet":4,"stat.useItem.minecraft.stained_hardened_clay":34,"stat.pickup.minecraft.sapling":1,"stat.useItem.minecraft.leaves":1,"stat.sprintOneCm":64400,"stat.useItem.minecraft.stained_glass":5,"stat.useItem.minecraft.fireworks":44,"stat.pickup.minecraft.skull":71,"stat.useItem.minecraft.stone_slab":44,"achievement.openInventory":219,"stat.useItem.minecraft.cauldron":4,"stat.drop.minecraft.dragon_breath":1,"stat.drop.minecraft.fireworks":2,"stat.useItem.minecraft.lingering_potion":2,"stat.pickup.minecraft.dragon_breath":1,"stat.pickup.minecraft.leather_leggings":1,"stat.useItem.minecraft.stonebrick":20,"stat.deaths":18,"stat.useItem.minecraft.monster_egg":5,"stat.drop":6,"stat.playOneMinute":266620,"stat.sneakTime":9348,"stat.useItem.minecraft.purpur_block":57,"stat.pickup.minecraft.wool":6,"stat.pickup.minecraft.elytra":10,"stat.useItem.minecraft.purpur_slab":102}