{"stat.beaconInteraction":8,"stat.pickup.minecraft.repeating_command_block":1,"stat.useItem.minecraft.bow":4,"stat.useItem.minecraft.quartz_block":32,"stat.useItem.minecraft.painting":25,"stat.pickup.minecraft.wooden_slab":2,"stat.leaveGame":152,"stat.drop.minecraft.redstone":6,"stat.useItem.minecraft.glowstone":40,"stat.killEntity.PigZombie":30,"stat.pickup.minecraft.rotten_flesh":30,"stat.drop.minecraft.redstone_torch":3,"stat.useItem.minecraft.diamond_hoe":1,"stat.useItem.minecraft.vine":249,"stat.useItem.minecraft.purpur_stairs":8,"stat.useItem.minecraft.rail":15,"stat.pickup.minecraft.leather_boots":6,"stat.pickup.minecraft.record_ward":4,"stat.useItem.minecraft.anvil":18,"stat.craftItem.minecraft.iron_shovel":5,"stat.useItem.minecraft.record_strad":1,"stat.killEntity.Witch":7,"stat.killEntity.Villager":13,"stat.drop.minecraft.gold_ingot":3,"stat.useItem.minecraft.iron_shovel":109,"stat.craftItem.minecraft.bed":4,"stat.pickup.minecraft.record_far":2,"stat.furnaceInteraction":3,"stat.craftItem.minecraft.leather_helmet":2,"stat.useItem.minecraft.double_plant":10,"stat.pickup.minecraft.hay_block":1,"stat.pickup.minecraft.leather_helmet":14,"stat.useItem.minecraft.trapdoor":70,"stat.useItem.minecraft.stained_glass":743,"stat.useItem.minecraft.fence":173,"achievement.openInventory":6904,"stat.pickup.minecraft.potion":5,"stat.useItem.minecraft.cauldron":8,"stat.useItem.minecraft.flint_and_steel":91,"stat.useItem.minecraft.wooden_button":44,"stat.useItem.minecraft.lingering_potion":217,"stat.pickup.minecraft.emerald":77,"stat.useItem.minecraft.dye":328,"stat.pickup.minecraft.lever":22,"stat.deaths":57,"stat.pickup.minecraft.egg":2,"stat.craftItem.minecraft.item_frame":21,"stat.useItem.minecraft.nether_brick":361,"stat.pickup.minecraft.item_frame":2,"stat.pickup.minecraft.sea_lantern":1,"stat.drop.minecraft.torch":7,"stat.craftItem.minecraft.repeater":1423,"stat.useItem.minecraft.jukebox":2,"stat.chestOpened":922,"stat.craftItem.minecraft.sign":143,"stat.useItem.minecraft.stone":7688,"stat.pickup.minecraft.iron_sword":5,"stat.useItem.minecraft.ender_chest":8,"stat.pickup.minecraft.gold_nugget":6,"stat.craftItem.minecraft.ender_chest":1,"stat.crouchOneCm":488476,"stat.craftingTableInteraction":10,"stat.pickup.minecraft.repeater":51,"stat.useItem.minecraft.dark_oak_fence":178,"stat.useItem.minecraft.reeds":35,"stat.craftItem.minecraft.nether_brick":4,"stat.craftItem.minecraft.diamond_shovel":3,"stat.pickup.minecraft.wheat_seeds":14,"stat.flowerPotted":26,"stat.useItem.minecraft.cobblestone":1115,"stat.craftItem.minecraft.leather_boots":2,"stat.useItem.minecraft.gravel":18,"stat.useItem.minecraft.record_far":2,"stat.pickup.minecraft.chicken":1,"stat.useItem.minecraft.tallgrass":452,"stat.useItem.minecraft.glass_pane":8,"stat.useItem.minecraft.record_mellohi":3,"stat.useItem.minecraft.iron_sword":96,"stat.craftItem.minecraft.planks":48,"stat.useItem.minecraft.barrier":2417,"stat.craftItem.minecraft.dirt":126,"stat.drop.minecraft.comparator":1,"stat.useItem.minecraft.stonebrick":7988,"stat.useItem.minecraft.monster_egg":620,"stat.useItem.minecraft.spruce_door":16,"stat.pickup.minecraft.red_flower":3,"stat.pickup.minecraft.wool":3,"stat.drop.minecraft.sea_lantern":1,"stat.useItem.minecraft.record_blocks":1,"stat.useItem.minecraft.beacon":14,"stat.useItem.minecraft.skull":155,"stat.pickup.minecraft.leather_chestplate":16,"stat.craftItem.minecraft.wool":150,"stat.pickup.minecraft.enchanted_book":7,"stat.useItem.minecraft.coal_block":260,"stat.useItem.minecraft.obsidian":2628,"stat.useItem.minecraft.stone_slab2":133,"stat.pickup.minecraft.bow":3,"stat.pickup.minecraft.iron_boots":11,"stat.useItem.minecraft.egg":1,"stat.pickup.minecraft.record_chirp":1,"stat.useItem.minecraft.spruce_fence_gate":1,"stat.pickup.minecraft.diamond_leggings":8,"stat.flyOneCm":59855835,"stat.craftItem.minecraft.stained_glass":197,"stat.timeSinceDeath":1622,"stat.craftItem.minecraft.painting":25,"stat.useItem.minecraft.melon_block":4,"stat.useItem.minecraft.wooden_slab":1034,"stat.craftItem.minecraft.beacon":1,"stat.craftItem.minecraft.purpur_block":12,"stat.useItem.minecraft.iron_door":2,"stat.drop.minecraft.repeater":7,"stat.killEntity.Bat":1,"stat.craftItem.minecraft.stonebrick":878,"stat.pickup.minecraft.chainmail_helmet":8,"stat.pickup.minecraft.nether_wart":31,"stat.craftItem.minecraft.end_rod":4,"stat.drop.minecraft.stained_glass":5,"stat.drop.minecraft.wool":3,"stat.killEntity.Creeper":13,"stat.useItem.minecraft.armor_stand":18,"stat.talkedToVillager":3,"stat.pickup.minecraft.string":66,"stat.useItem.minecraft.milk_bucket":1,"stat.useItem.minecraft.written_book":46,"stat.sprintOneCm":8215691,"stat.useItem.minecraft.diamond_block":79,"stat.pickup.minecraft.leather_leggings":17,"stat.craftItem.minecraft.redstone_lamp":3,"stat.craftItem.minecraft.wooden_pressure_plate":1,"stat.pickup.minecraft.sugar":2,"stat.craftItem.minecraft.leather_chestplate":2,"stat.useItem.minecraft.banner":5,"stat.useItem.minecraft.ladder":173,"stat.killEntity.Zombie":11,"stat.craftItem.minecraft.dye":12,"stat.diveOneCm":570211,"stat.craftItem.minecraft.purpur_pillar":215,"stat.craftItem.minecraft.sandstone":77,"stat.useItem.minecraft.sticky_piston":10,"stat.drop.minecraft.stone_stairs":1,"stat.craftItem.minecraft.ladder":14,"stat.pickup.minecraft.sign":27,"stat.pickup.minecraft.stained_glass_pane":3,"stat.jump":85108,"stat.useItem.minecraft.iron_trapdoor":4,"stat.useItem.minecraft.sand":30,"stat.craftItem.minecraft.lever":8,"stat.drop.minecraft.diamond_sword":1,"stat.pickup.minecraft.gunpowder":10,"stat.craftItem.minecraft.torch":649,"stat.useItem.minecraft.glass":58,"stat.drop.minecraft.barrier":1,"stat.useItem.minecraft.sapling":4,"stat.pickup.minecraft.gold_ore":1,"stat.pickup.minecraft.command_block":25,"stat.pickup.minecraft.iron_axe":5,"stat.pickup.minecraft.cookie":14,"stat.damageTaken":5304,"stat.useItem.minecraft.stone_brick_stairs":972,"stat.pickup.minecraft.written_book":9,"stat.useItem.minecraft.gold_block":26,"stat.craftItem.minecraft.comparator":2,"stat.craftItem.minecraft.sea_lantern":451,"stat.craftItem.minecraft.glowstone":24,"stat.pickup.minecraft.bed":2,"stat.pickup.minecraft.diamond_axe":2,"stat.pickup.minecraft.record_wait":2,"stat.craftItem.minecraft.stone_slab":528,"stat.useItem.minecraft.command_block":2149,"stat.useItem.minecraft.chest":218,"stat.useItem.minecraft.pumpkin":13,"stat.useItem.minecraft.tnt":77,"stat.useItem.minecraft.lava_bucket":99,"stat.useItem.minecraft.item_frame":53,"stat.useItem.minecraft.stained_hardened_clay":87,"stat.drop.minecraft.wooden_slab":2,"stat.pickup.minecraft.ladder":2,"stat.useItem.minecraft.record_mall":2,"stat.useItem.minecraft.netherrack":98,"stat.craftItem.minecraft.bookshelf":89,"stat.drop.minecraft.lever":5,"stat.useItem.minecraft.tripwire_hook":1,"stat.drop.minecraft.cookie":32,"stat.craftItem.minecraft.purpur_stairs":15,"stat.mobKills":177,"stat.pickup.minecraft.diamond_boots":12,"stat.drop.minecraft.written_book":1,"stat.useItem.minecraft.mossy_cobblestone":15,"stat.useItem.minecraft.cobblestone_wall":10,"stat.useItem.minecraft.writable_book":13,"stat.pickup.minecraft.torch":75,"stat.craftItem.minecraft.nether_brick_stairs":16,"stat.useItem.minecraft.purpur_slab":4,"stat.craftItem.minecraft.spruce_stairs":25,"stat.useItem.minecraft.record_stal":3,"stat.useItem.minecraft.string":4,"stat.useItem.minecraft.end_bricks":6,"stat.pickup.minecraft.deadbush":1,"stat.useItem.minecraft.bookshelf":743,"stat.pickup.minecraft.record_stal":3,"stat.useItem.minecraft.soul_sand":40,"stat.useItem.minecraft.repeating_command_block":8,"stat.drop.minecraft.trapdoor":1,"stat.useItem.minecraft.planks":1882,"stat.useItem.minecraft.nether_brick_stairs":151,"stat.pickup.minecraft.glowstone_dust":18,"stat.pickup.minecraft.porkchop":4,"stat.useItem.minecraft.water_bucket":324,"stat.craftItem.minecraft.dark_oak_fence":33,"stat.pickup.minecraft.splash_potion":2,"stat.useItem.minecraft.red_nether_brick":6,"stat.craftItem.minecraft.fire_charge":1,"stat.craftItem.minecraft.lit_pumpkin":11,"stat.useItem.minecraft.record_cat":1,"stat.craftItem.minecraft.cobblestone_wall":199,"stat.aviateOneCm":189907,"stat.pickup.minecraft.chainmail_chestplate":8,"stat.useItem.minecraft.spawn_egg":39,"stat.trappedChestTriggered":109,"stat.useItem.minecraft.oak_stairs":58,"stat.useItem.minecraft.dark_oak_stairs":139,"stat.pickup.minecraft.wooden_button":12,"stat.drop.minecraft.stone_slab":1,"stat.useItem.minecraft.redstone":1527,"achievement.mineWood":10,"stat.pickup.minecraft.iron_chestplate":14,"stat.useItem.minecraft.stone_stairs":320,"stat.pickup.minecraft.skull":1,"stat.pickup.minecraft.stone_stairs":1,"stat.useItem.minecraft.hopper":4,"stat.playOneMinute":13078882,"stat.pickup.minecraft.blaze_rod":11,"stat.drop.minecraft.chest":1,"stat.pickup.minecraft.iron_bars":1,"stat.drop.minecraft.rabbit_stew":1,"stat.recordPlayed":20,"stat.craftItem.minecraft.carpet":272,"stat.fallOneCm":13561,"stat.useItem.minecraft.trapped_chest":58,"stat.craftItem.minecraft.chest":40,"stat.craftItem.minecraft.banner":21,"stat.mineBlock.minecraft.lever":2,"stat.pickup.minecraft.red_mushroom":1,"stat.drop.minecraft.stained_glass_pane":3,"stat.drop.minecraft.milk_bucket":1,"stat.pickup.minecraft.heavy_weighted_pressure_plate":1,"stat.pickup.minecraft.comparator":6,"stat.pickup.minecraft.feather":2,"stat.pickup.minecraft.record_cat":1,"stat.craftItem.minecraft.wooden_button":44,"stat.useItem.minecraft.furnace":5,"stat.pickup.minecraft.iron_leggings":15,"stat.useItem.minecraft.record_chirp":1,"stat.killEntity.Rabbit":3,"stat.useItem.minecraft.wool":1151,"stat.craftItem.minecraft.oak_stairs":65,"stat.pickup.minecraft.chainmail_boots":3,"stat.useItem.minecraft.iron_bars":868,"stat.useItem.minecraft.bone_block":45,"stat.useItem.minecraft.torch":1448,"stat.craftItem.minecraft.redstone_block":145,"stat.craftItem.minecraft.stone_stairs":29,"stat.useItem.minecraft.log":745,"stat.useItem.minecraft.comparator":72,"stat.pickup.minecraft.redstone_block":22,"stat.drop.minecraft.sign":1,"stat.useItem.minecraft.nether_wart_block":4,"stat.craftItem.minecraft.stone_button":16,"stat.pickup.minecraft.chainmail_leggings":8,"stat.pickup.minecraft.diamond_helmet":13,"stat.useItem.minecraft.jungle_door":10,"stat.useItem.minecraft.wooden_pressure_plate":1,"stat.pickup.minecraft.golden_sword":2,"stat.craftItem.minecraft.flower_pot":11,"stat.sneakTime":222170,"stat.useItem.minecraft.brewing_stand":4,"stat.pickup.minecraft.chest":3,"stat.useItem.minecraft.web":310,"stat.craftItem.minecraft.leather_leggings":2,"stat.useItem.minecraft.lapis_block":44,"stat.pickup.minecraft.bone":11,"stat.useItem.minecraft.record_ward":4,"stat.pickup.minecraft.redstone_torch":23,"stat.useItem.minecraft.repeater":2771,"stat.pickup.minecraft.record_blocks":1,"stat.useItem.minecraft.log2":4,"stat.drop.minecraft.glowstone_dust":15,"stat.drop.minecraft.red_mushroom":1,"stat.craftItem.minecraft.stone_brick_stairs":249,"stat.useItem.minecraft.diamond_sword":589,"stat.craftItem.minecraft.iron_trapdoor":5,"stat.swimOneCm":383674,"stat.climbOneCm":151026,"stat.useItem.minecraft.end_rod":5,"stat.enderchestOpened":10,"stat.useItem.minecraft.redstone_torch":165,"stat.useItem.minecraft.dirt":4073,"stat.pickup.minecraft.purpur_block":3,"achievement.exploreAllBiomes":{"value":0,"progress":["River","Ocean","Plains","Swampland","Deep Ocean"]},"stat.useItem.minecraft.red_flower":20,"stat.useItem.minecraft.leaves2":2,"stat.craftItem.minecraft.trapdoor":10,"stat.pickup.minecraft.cobblestone":41,"stat.pickup.minecraft.glass_bottle":2,"stat.useItem.minecraft.cooked_beef":13,"stat.craftItem.minecraft.wooden_slab":179,"stat.pickup.minecraft.cactus":1,"stat.pickup.minecraft.redstone":179,"stat.useItem.minecraft.sign":337,"stat.useItem.minecraft.lever":67,"stat.drop.minecraft.iron_bars":1,"stat.pickup.minecraft.wooden_axe":2,"stat.pickup.minecraft.stonebrick":12,"stat.pickup.minecraft.carpet":2,"stat.pickup.minecraft.trapdoor":1,"stat.useItem.minecraft.purpur_pillar":13,"stat.craftItem.minecraft.brick_block":20,"stat.useItem.minecraft.sea_lantern":624,"stat.pickup.minecraft.nether_star":2,"stat.useItem.minecraft.spruce_fence":464,"stat.pickup.minecraft.paper":6,"stat.drop.minecraft.potion":1,"stat.useItem.minecraft.stone_slab":1805,"stat.useItem.minecraft.bed":20,"stat.craftItem.minecraft.stone":1224,"stat.craftItem.minecraft.armor_stand":1,"stat.useItem.minecraft.stone_pressure_plate":28,"stat.pickup.minecraft.diamond_chestplate":16,"stat.drop":176,"stat.pickup.minecraft.stone_button":7,"stat.killEntity.Sheep":4,"stat.useItem.minecraft.purpur_block":179,"stat.drop.minecraft.blaze_rod":11,"stat.drop.minecraft.redstone_block":7,"stat.pickup.minecraft.record_strad":1,"stat.useItem.minecraft.record_wait":2,"stat.drop.minecraft.cooked_beef":13,"stat.useItem.minecraft.diamond_axe":1,"stat.useItem.minecraft.waterlily":47,"stat.useItem.minecraft.carpet":380,"stat.useItem.minecraft.potion":2,"stat.useItem.minecraft.stained_glass_pane":111,"stat.pickup.minecraft.diamond_sword":4,"stat.craftItem.minecraft.brick_stairs":31,"stat.useItem.minecraft.flower_pot":18,"stat.killEntity.SkeletonHorse":1,"stat.pickup.minecraft.iron_helmet":16,"stat.useItem.minecraft.piston":1,"stat.pickup.minecraft.spider_eye":23,"stat.useItem.minecraft.mycelium":72,"stat.useItem.minecraft.stone_button":58,"stat.craftItem.minecraft.flint_and_steel":11,"stat.useItem.minecraft.redstone_lamp":1,"stat.craftItem.minecraft.iron_bars":112,"stat.drop.minecraft.stone_button":1,"stat.pickup.minecraft.reeds":8,"stat.killEntity.CaveSpider":18,"stat.useItem.minecraft.magma":3,"stat.pickup.minecraft.stained_glass":4,"stat.damageDealt":39058,"stat.craftItem.minecraft.glass":4,"stat.craftItem.minecraft.cauldron":1,"stat.sleepInBed":7,"stat.killEntity.Cow":3,"stat.useItem.minecraft.crafting_table":5,"stat.killEntity.Pig":6,"stat.walkOneCm":17988273,"stat.playerKills":1,"stat.pickup.minecraft.stick":7,"stat.useItem.minecraft.emerald_block":4,"stat.useItem.minecraft.redstone_block":1041,"stat.useItem.minecraft.spruce_stairs":173,"stat.pickup.minecraft.stone":2,"stat.craftItem.minecraft.redstone":164,"stat.useItem.minecraft.leaves":1160,"stat.drop.minecraft.command_block":10,"stat.pickup.minecraft.gold_ingot":5,"stat.drop.minecraft.purpur_block":1,"stat.useItem.minecraft.prismarine":18,"stat.pickup.minecraft.barrier":1,"stat.pickup.minecraft.record_mellohi":3,"stat.pickup.minecraft.record_mall":2,"stat.killEntity.Chicken":2,"stat.killEntity.Spider":51,"stat.craftItem.minecraft.spruce_fence":7,"stat.drop.minecraft.repeating_command_block":1,"stat.pickup.minecraft.quartz":1,"stat.craftItem.minecraft.fence":6,"stat.craftItem.minecraft.purpur_slab":26,"stat.craftItem.minecraft.coal_block":27}