{"stat.useItem.minecraft.lapis_block":3,"stat.walkOneCm":224888,"stat.useItem.minecraft.torch":15,"stat.useItem.minecraft.chest":2,"stat.useItem.minecraft.stone":153,"stat.leaveGame":3,"stat.useItem.minecraft.log":534,"stat.useItem.minecraft.glowstone":23,"stat.jump":940,"stat.swimOneCm":428,"stat.fallOneCm":211,"stat.climbOneCm":2300,"stat.useItem.minecraft.nether_brick_stairs":2,"stat.useItem.minecraft.sea_lantern":37,"stat.crouchOneCm":6054,"stat.useItem.minecraft.redstone_torch":4,"stat.useItem.minecraft.dirt":112,"stat.useItem.minecraft.leaves":266,"stat.sprintOneCm":37418,"stat.useItem.minecraft.stained_glass":110,"achievement.exploreAllBiomes":{"value":0,"progress":["River","Ocean","Plains","Swampland"]},"stat.useItem.minecraft.fence":22,"stat.useItem.minecraft.stone_slab":507,"achievement.openInventory":101,"stat.useItem.minecraft.stone_brick_stairs":32,"stat.useItem.minecraft.stonebrick":185,"stat.flyOneCm":981681,"stat.useItem.minecraft.monster_egg":3,"stat.playOneMinute":197404,"stat.useItem.minecraft.ladder":10,"stat.timeSinceDeath":197404,"stat.diveOneCm":331}