{"stat.walkOneCm":383323,"stat.useItem.minecraft.torch":46,"stat.useItem.minecraft.stone":94,"stat.leaveGame":3,"stat.jump":1483,"stat.swimOneCm":3957,"stat.climbOneCm":1601,"stat.useItem.minecraft.sea_lantern":338,"stat.crouchOneCm":6982,"stat.useItem.minecraft.dirt":690,"stat.sprintOneCm":149433,"stat.useItem.minecraft.stained_glass":608,"achievement.exploreAllBiomes":{"value":0,"progress":["Ocean","River","Plains","Swampland"]},"stat.useItem.minecraft.stone_slab":354,"achievement.openInventory":52,"stat.useItem.minecraft.stone_brick_stairs":5,"stat.useItem.minecraft.stonebrick":698,"stat.useItem.minecraft.dye":108,"stat.flyOneCm":1583802,"stat.drop":1,"stat.playOneMinute":199088,"stat.timeSinceDeath":199088,"stat.diveOneCm":203}