{"stat.useItem.minecraft.bow":36,"stat.useItem.minecraft.painting":8,"stat.useItem.minecraft.quartz_block":184,"stat.pickup.minecraft.wooden_slab":1,"stat.leaveGame":123,"stat.pickup.minecraft.deadbush":2,"stat.useItem.minecraft.bookshelf":89,"stat.useItem.minecraft.soul_sand":48,"stat.useItem.minecraft.glowstone":50,"stat.killEntity.PigZombie":2,"stat.useItem.minecraft.planks":100,"stat.useItem.minecraft.nether_brick_stairs":71,"stat.useItem.minecraft.water_bucket":29,"stat.pickup.minecraft.rotten_flesh":15,"stat.useItem.minecraft.vine":19,"stat.useItem.minecraft.rail":71,"stat.craftItem.minecraft.lit_pumpkin":56,"stat.pickup.minecraft.leather_boots":2,"stat.craftItem.minecraft.cobblestone_wall":58,"stat.aviateOneCm":57397,"stat.useItem.minecraft.anvil":2,"stat.pickup.minecraft.chainmail_chestplate":1,"stat.killEntity.Villager":1,"stat.useItem.minecraft.spawn_egg":3,"stat.useItem.minecraft.iron_shovel":3,"stat.trappedChestTriggered":3,"stat.useItem.minecraft.oak_stairs":16,"stat.useItem.minecraft.dark_oak_stairs":42,"stat.pickup.minecraft.wooden_button":1,"stat.drop.minecraft.red_flower":1,"stat.pickup.minecraft.beef":2,"stat.useItem.minecraft.redstone":138,"stat.pickup.minecraft.leather_helmet":2,"stat.useItem.minecraft.trapdoor":88,"stat.useItem.minecraft.stained_glass":505,"stat.pickup.minecraft.iron_chestplate":2,"stat.useItem.minecraft.stone_stairs":116,"achievement.openInventory":2889,"stat.pickup.minecraft.potion":1,"stat.useItem.minecraft.flint_and_steel":14,"stat.useItem.minecraft.lingering_potion":1,"stat.useItem.minecraft.dye":33515,"stat.pickup.minecraft.lever":54,"stat.deaths":8,"stat.pickup.minecraft.egg":3,"stat.playOneMinute":9634390,"stat.craftItem.minecraft.item_frame":10,"stat.useItem.minecraft.nether_brick":1888,"stat.pickup.minecraft.iron_bars":1,"stat.chestOpened":228,"stat.craftItem.minecraft.sign":3,"stat.useItem.minecraft.stone":10799,"stat.craftItem.minecraft.carpet":26,"stat.pickup.minecraft.waterlily":2,"stat.pickup.minecraft.iron_sword":2,"stat.drop.minecraft.banner":1,"stat.fallOneCm":10791,"stat.crouchOneCm":178094,"stat.useItem.minecraft.nether_brick_fence":14,"stat.craftItem.minecraft.chest":14,"stat.craftItem.minecraft.banner":6,"stat.pickup.minecraft.painting":1,"stat.useItem.minecraft.iron_hoe":11,"stat.pickup.minecraft.milk_bucket":1,"stat.pickup.minecraft.comparator":1,"stat.pickup.minecraft.repeater":2,"stat.useItem.minecraft.dark_oak_fence":60,"stat.pickup.minecraft.feather":1,"stat.useItem.minecraft.furnace":5,"stat.useItem.minecraft.reeds":2,"stat.craftItem.minecraft.nether_brick":2,"stat.pickup.minecraft.iron_leggings":2,"stat.craftItem.minecraft.diamond_shovel":22,"stat.pickup.minecraft.wheat_seeds":88,"stat.useItem.minecraft.wool":166,"stat.craftItem.minecraft.oak_stairs":28,"stat.pickup.minecraft.chainmail_boots":1,"stat.useItem.minecraft.iron_bars":235,"stat.flowerPotted":20,"stat.useItem.minecraft.torch":511,"stat.drop.minecraft.stone_brick_stairs":1,"stat.craftItem.minecraft.stone_stairs":27,"stat.useItem.minecraft.log":2427,"stat.useItem.minecraft.cobblestone":628,"stat.useItem.minecraft.gravel":38,"stat.craftItem.minecraft.stone_button":9,"stat.pickup.minecraft.web":1,"stat.pickup.minecraft.chicken":1,"stat.pickup.minecraft.tipped_arrow":1,"stat.pickup.minecraft.chainmail_leggings":1,"stat.craftItem.minecraft.brewing_stand":1,"stat.useItem.minecraft.tallgrass":94,"stat.drop.minecraft.bow":1,"stat.craftItem.minecraft.planks":75,"stat.useItem.minecraft.barrier":3483,"stat.pickup.minecraft.diamond_helmet":2,"stat.craftItem.minecraft.dirt":406,"stat.useItem.minecraft.jungle_door":7,"stat.useItem.minecraft.stonebrick":8650,"stat.pickup.minecraft.golden_sword":1,"stat.craftItem.minecraft.flower_pot":14,"stat.useItem.minecraft.monster_egg":432,"stat.useItem.minecraft.spruce_door":4,"stat.pickup.minecraft.red_flower":122,"stat.sneakTime":228324,"stat.pickup.minecraft.rabbit_stew":1,"stat.useItem.minecraft.wooden_axe":2,"stat.drop.minecraft.yellow_flower":1,"stat.pickup.minecraft.yellow_flower":47,"stat.drop.minecraft.grass":1,"stat.craftItem.minecraft.trapped_chest":2,"stat.useItem.minecraft.web":285,"stat.craftItem.minecraft.spruce_door":4,"stat.pickup.minecraft.tripwire_hook":2,"stat.useItem.minecraft.lapis_block":1,"stat.useItem.minecraft.beacon":1,"stat.useItem.minecraft.skull":12,"stat.pickup.minecraft.leather_chestplate":2,"stat.craftItem.minecraft.stone_brick_stairs":176,"stat.useItem.minecraft.diamond_sword":35,"stat.pickup.minecraft.flower_pot":3,"stat.craftItem.minecraft.wool":13,"stat.swimOneCm":341610,"stat.climbOneCm":137380,"stat.pickup.minecraft.enchanted_book":2,"stat.drop.minecraft.cobblestone":4,"stat.useItem.minecraft.coal_block":1,"stat.enderchestOpened":4,"stat.useItem.minecraft.obsidian":3307,"stat.useItem.minecraft.dirt":5233,"stat.useItem.minecraft.stone_slab2":35,"stat.pickup.minecraft.bow":1,"achievement.exploreAllBiomes":{"value":0,"progress":["Ocean","River","Plains","Swampland","Deep Ocean"]},"stat.pickup.minecraft.iron_boots":2,"stat.pickup.minecraft.chorus_fruit_popped":91,"stat.useItem.minecraft.red_flower":1,"stat.useItem.minecraft.iron_ore":5,"stat.craftItem.minecraft.trapdoor":2,"stat.pickup.minecraft.cobblestone":4,"stat.pickup.minecraft.diamond_leggings":3,"stat.flyOneCm":74502495,"stat.drop.minecraft.wheat_seeds":4,"stat.useItem.minecraft.cooked_beef":23,"stat.craftItem.minecraft.wooden_slab":93,"stat.pickup.minecraft.cactus":4,"stat.craftItem.minecraft.stained_glass":31,"stat.pickup.minecraft.redstone":23,"stat.timeSinceDeath":338318,"stat.useItem.minecraft.sign":16,"stat.useItem.minecraft.wooden_slab":162,"stat.craftItem.minecraft.stonebrick":464,"stat.useItem.minecraft.lever":85,"stat.pickup.minecraft.chainmail_helmet":1,"stat.craftItem.minecraft.end_rod":2,"stat.drop.minecraft.stained_glass":2,"stat.pickup.minecraft.carpet":1,"stat.useItem.minecraft.armor_stand":92,"stat.drop.minecraft.spawn_egg":1,"stat.useItem.minecraft.sea_lantern":182,"stat.useItem.minecraft.milk_bucket":7,"stat.useItem.minecraft.spruce_fence":229,"stat.useItem.minecraft.written_book":52,"stat.sprintOneCm":10495101,"stat.useItem.minecraft.diamond_block":9,"stat.useItem.minecraft.diamond_shovel":167,"stat.pickup.minecraft.paper":1,"stat.useItem.minecraft.hay_block":20,"stat.useItem.minecraft.stone_slab":590,"stat.craftItem.minecraft.stained_hardened_clay":10,"stat.useItem.minecraft.bed":6,"stat.craftItem.minecraft.stone":806,"stat.pickup.minecraft.grass":1,"stat.pickup.minecraft.diamond_chestplate":2,"stat.pickup.minecraft.leather_leggings":2,"stat.craftItem.minecraft.redstone_lamp":12,"stat.drop.minecraft.tipped_arrow":2,"stat.drop":118,"stat.pickup.minecraft.stone_button":1,"stat.useItem.minecraft.ladder":17,"stat.killEntity.Zombie":3,"stat.craftItem.minecraft.dye":35,"stat.diveOneCm":669438,"stat.craftItem.minecraft.purpur_pillar":89,"stat.craftItem.minecraft.sandstone":25,"stat.drop.minecraft.stone_stairs":1,"stat.craftItem.minecraft.ladder":5,"stat.pickup.minecraft.sign":3,"stat.drop.minecraft.chorus_fruit_popped":27,"stat.pickup.minecraft.gravel":2,"stat.useItem.minecraft.waterlily":13,"stat.useItem.minecraft.carpet":345,"stat.useItem.minecraft.potion":29,"stat.useItem.minecraft.stained_glass_pane":19,"stat.pickup.minecraft.diamond_sword":2,"stat.useItem.minecraft.flower_pot":6,"stat.jump":94924,"stat.useItem.minecraft.sand":9,"stat.pickup.minecraft.iron_helmet":2,"stat.drop.minecraft.diamond_sword":1,"stat.useItem.minecraft.mycelium":101,"stat.craftItem.minecraft.torch":293,"stat.useItem.minecraft.stone_button":5,"stat.useItem.minecraft.coal_ore":5,"stat.useItem.minecraft.sapling":127,"stat.craftItem.minecraft.flint_and_steel":4,"stat.pickup.minecraft.cookie":18,"stat.pickup.minecraft.iron_axe":2,"stat.damageTaken":2891,"stat.pickup.minecraft.leather":2,"stat.craftItem.minecraft.iron_bars":106,"stat.useItem.minecraft.stone_brick_stairs":103,"stat.pickup.minecraft.written_book":79,"stat.craftItem.minecraft.sea_lantern":168,"stat.pickup.minecraft.reeds":22,"stat.pickup.minecraft.potato":64,"stat.pickup.minecraft.diamond_axe":2,"stat.pickup.minecraft.stained_glass":1,"stat.damageDealt":1954,"stat.sleepInBed":2,"stat.killEntity.Cow":2,"stat.useItem.minecraft.crafting_table":4,"stat.craftItem.minecraft.stone_slab":163,"stat.useItem.minecraft.command_block":88,"stat.walkOneCm":9500772,"stat.useItem.minecraft.chest":34,"stat.drop.minecraft.diamond_axe":1,"stat.useItem.minecraft.item_frame":4,"stat.useItem.minecraft.spruce_stairs":24,"stat.useItem.minecraft.stained_hardened_clay":223,"stat.craftItem.minecraft.hay_block":46,"stat.useItem.minecraft.leaves":1908,"stat.drop.minecraft.command_block":1,"stat.pickup.minecraft.cooked_beef":13,"stat.useItem.minecraft.netherrack":14,"stat.craftItem.minecraft.bookshelf":51,"stat.drop.minecraft.lever":1,"stat.killEntity.Chicken":1,"stat.craftItem.minecraft.purpur_stairs":9,"stat.craftItem.minecraft.spruce_fence":1,"stat.mobKills":12,"stat.pickup.minecraft.diamond_boots":2,"stat.drop.minecraft.written_book":61,"stat.useItem.minecraft.mossy_cobblestone":370,"stat.useItem.minecraft.cobblestone_wall":4,"stat.pickup.minecraft.diamond":14,"stat.useItem.minecraft.writable_book":44,"stat.craftItem.minecraft.purpur_slab":48,"stat.pickup.minecraft.torch":22,"stat.craftItem.minecraft.nether_brick_stairs":14,"stat.craftItem.minecraft.spruce_stairs":3}