{
    "pools": [
		{
			"rolls": {
                "min": 4,
                "max": 4
            },
            "entries": [
                {
                    "type": "item",
                    "name": "minecraft:cooked_beef",
                    "weight": 1,
                    "functions": [
						{
							"function": "set_count",
							"count": {
								"min": 5,
								"max": 7
							}
						}
					]
				}
			]
		},
		{
			"rolls": {
                "min": 4,
                "max": 5
            },
            "entries": [
				{
                    "type": "loot_table",
                    "name": "aos:equipment/army_lance",
                    "weight": 2
                },
				{
                    "type": "loot_table",
                    "name": "aos:equipment/soldier_repeater",
                    "weight": 2
                },
				{
                    "type": "loot_table",
                    "name": "aos:equipment/bone_shield",
                    "weight": 2
                },
				{
                    "type": "loot_table",
                    "name": "aos:equipment/robber_axe",
                    "weight": 2
                },
				{
                    "type": "loot_table",
                    "name": "aos:equipment/pilot_helmet",
                    "weight": 3
                },
				{
                    "type": "loot_table",
                    "name": "aos:equipment/arrowproof_vest",
                    "weight": 3
                },
				{
                    "type": "loot_table",
                    "name": "aos:equipment/camo_pants",
                    "weight": 3
                },
				{
                    "type": "loot_table",
                    "name": "aos:equipment/muddy_boots",
                    "weight": 3
                }
            ]
        },
		{
			"rolls": {
                "min": 1,
                "max": 1
            },
            "entries": [
				{
                    "type": "loot_table",
                    "name": "aos:equipment/potion/early/random_potion",
                    "weight": 1
                }
            ]
        }
    ]
}