{
    "pools": [
		{
			"rolls": {
                "min": 4,
                "max": 4
            },
            "entries": [
                {
                    "type": "item",
                    "name": "minecraft:cooked_beef",
                    "weight": 1,
                    "functions": [
						{
							"function": "set_count",
							"count": {
								"min": 5,
								"max": 7
							}
						}
					]
				}
			]
		},
		{
			"rolls": {
                "min": 6,
                "max": 6
            },
            "entries": [
				{
                    "type": "loot_table",
                    "name": "aos:equipment/electric_stick",
                    "weight": 2
                },
				{
                    "type": "loot_table",
                    "name": "aos:equipment/tactical_shotbow",
                    "weight": 2
                },
				{
                    "type": "loot_table",
                    "name": "aos:equipment/flare_bow",
                    "weight": 2
                },
				{
                    "type": "loot_table",
                    "name": "aos:equipment/riot_shield",
                    "weight": 2
                },
				{
                    "type": "loot_table",
                    "name": "aos:equipment/blue_kevlar_helmet",
                    "weight": 3
                },
				{
                    "type": "loot_table",
                    "name": "aos:equipment/bulletproof_vest",
                    "weight": 3
                },
				{
                    "type": "loot_table",
                    "name": "aos:equipment/holstered_leggings",
                    "weight": 3
                },
				{
                    "type": "loot_table",
                    "name": "aos:equipment/police_shoes",
                    "weight": 3
                }
            ]
        },
		{
			"rolls": {
                "min": 2,
                "max": 3
            },
            "entries": [
				{
                    "type": "loot_table",
                    "name": "aos:equipment/potion/mid/random_potion",
                    "weight": 1
                }
            ]
        }
    ]
}