{
    "pools": [
        {
			"rolls": {
				"min": 7,
				"max": 8
			},
			"entries": [
				{
					"type": "item",
					"name": "minecraft:cooked_beef",
					"weight": 2,
					"functions": [
						{
							"function": "set_count",
							"count": {
								"min": 2,
								"max": 5
								}
							}
						]	
					},
				{
					"type": "item",
					"name": "minecraft:experience_bottle",
					"weight": 1,
					"functions": [
						{
							"function": "set_count",
							"count": {
								"min": 8,
								"max": 12
								}
							}
						]	
					},
				{
					"type": "empty",
					"weight": 2
					}
			]
		},
		{
            "rolls": {
                "min": 2,
                "max": 3
            },
            "entries": [
                {
                    "type": "loot_table",
                    "name": "aos:equipment/metal_saw_blade",
                    "weight": 2
                },
				{
                    "type": "loot_table",
                    "name": "aos:equipment/cavalry_rifle",
                    "weight": 2
                },
				{
                    "type": "loot_table",
                    "name": "aos:equipment/iron_sheet",
                    "weight": 2
                },
				{
                    "type": "loot_table",
                    "name": "aos:equipment/metal_hatchet",
                    "weight": 2
                },
				{
                    "type": "loot_table",
                    "name": "aos:equipment/pilot_helmet",
                    "weight": 3
                },
				{
                    "type": "loot_table",
                    "name": "aos:equipment/arrowproof_vest",
                    "weight": 3
                },
				{
                    "type": "loot_table",
                    "name": "aos:equipment/camo_pants",
                    "weight": 3
                },
				{
                    "type": "loot_table",
                    "name": "aos:equipment/muddy_boots",
                    "weight": 3
                },
				{
                    "type": "loot_table",
                    "name": "aos:equipment/potion/early/random_potion",
                    "weight": 20
                }
            ]
        }
    ]
}