{"stat.craftItem.minecraft.leather_leggings":1,"stat.useItem.minecraft.bow":36,"stat.useItem.minecraft.painting":159,"stat.horseOneCm":37275,"stat.leaveGame":9,"stat.useItem.minecraft.log2":7,"stat.useItem.minecraft.skull":23,"stat.useItem.minecraft.lead":3,"stat.useItem.minecraft.diamond_sword":18,"stat.useItem.minecraft.glowstone":5,"stat.swimOneCm":3084,"stat.useItem.minecraft.planks":1733,"stat.climbOneCm":960,"stat.drop.minecraft.feather":1,"stat.useItem.minecraft.dirt":72,"stat.useItem.minecraft.red_sandstone_stairs":18,"stat.pickup.minecraft.bow":1,"achievement.exploreAllBiomes":{"value":0,"progress":["Mesa","River"]},"stat.useItem.minecraft.diamond_hoe":1,"stat.useItem.minecraft.vine":14,"stat.useItem.minecraft.rail":29,"stat.useItem.minecraft.anvil":11,"stat.flyOneCm":1523618,"stat.timeSinceDeath":357971,"stat.hopperInspected":1,"stat.drop.minecraft.log":2,"stat.useItem.minecraft.sign":37,"stat.useItem.minecraft.spawn_egg":12,"stat.cauldronFilled":4,"stat.useItem.minecraft.wooden_slab":409,"stat.trappedChestTriggered":37,"stat.useItem.minecraft.hardened_clay":153,"stat.useItem.minecraft.oak_stairs":8,"stat.furnaceInteraction":1,"stat.useItem.minecraft.acacia_stairs":4,"stat.pickup.minecraft.wooden_button":1,"stat.useItem.minecraft.armor_stand":9,"stat.killEntity.Creeper":4,"stat.useItem.minecraft.chest_minecart":5,"stat.drop.minecraft.stained_hardened_clay":1,"stat.useItem.minecraft.milk_bucket":1,"stat.drop.minecraft.wooden_button":1,"stat.useItem.minecraft.spruce_fence":93,"stat.useItem.minecraft.trapdoor":2,"stat.sprintOneCm":259020,"stat.useItem.minecraft.stained_glass":113,"stat.useItem.minecraft.hay_block":50,"stat.useItem.minecraft.fence":70,"stat.useItem.minecraft.dark_oak_door":6,"stat.useItem.minecraft.stone_slab":15,"stat.killEntity.Horse":1,"achievement.openInventory":480,"stat.useItem.minecraft.cauldron":3,"stat.useItem.minecraft.flint_and_steel":5,"stat.useItem.minecraft.wooden_button":11,"stat.useItem.minecraft.lingering_potion":10,"stat.useItem.minecraft.hopper":2,"stat.useItem.minecraft.wooden_shovel":20,"stat.pickup.minecraft.spawn_egg":1,"stat.deaths":4,"stat.drop":9,"stat.useItem.minecraft.furnace_minecart":14,"stat.playOneMinute":710555,"stat.craftItem.minecraft.leather_chestplate":1,"stat.useItem.minecraft.banner":28,"stat.useItem.minecraft.ladder":26,"stat.drop.minecraft.redstone_block":1,"stat.diveOneCm":2010,"stat.chestOpened":91,"stat.useItem.minecraft.splash_potion":12,"stat.useItem.minecraft.white_shulker_box":4,"stat.useItem.minecraft.tnt_minecart":2,"stat.useItem.minecraft.carpet":1,"stat.useItem.minecraft.heavy_weighted_pressure_plate":3,"stat.pickup.minecraft.diamond_sword":1,"stat.useItem.minecraft.flower_pot":2,"stat.jump":1683,"stat.useItem.minecraft.sand":103,"stat.fallOneCm":233,"stat.useItem.minecraft.trapped_chest":2,"stat.pickup.minecraft.gunpowder":40,"stat.crouchOneCm":7617,"stat.useItem.minecraft.stone_button":8,"stat.pickup.minecraft.painting":1,"stat.useItem.minecraft.light_weighted_pressure_plate":2,"stat.craftingTableInteraction":3,"stat.pickup.minecraft.command_block":5,"stat.brewingstandInteraction":10,"stat.damageTaken":235,"stat.pickup.minecraft.feather":1,"stat.useItem.minecraft.furnace":4,"stat.pickup.minecraft.dye":3,"stat.cauldronUsed":1,"stat.useItem.minecraft.birch_fence":9,"stat.pickup.minecraft.lead":2,"stat.useItem.minecraft.orange_shulker_box":1,"stat.damageDealt":1049,"stat.drop.minecraft.carpet":1,"stat.useItem.minecraft.wool":249,"stat.useItem.minecraft.crafting_table":2,"stat.useItem.minecraft.command_block":39,"stat.walkOneCm":252147,"stat.useItem.minecraft.torch":37,"stat.useItem.minecraft.chest":32,"stat.pickup.minecraft.stick":9,"stat.useItem.minecraft.log":85,"stat.useItem.minecraft.tnt":2,"stat.craftItem.minecraft.leather_boots":1,"stat.useItem.minecraft.gravel":17,"stat.pickup.minecraft.redstone_block":131,"stat.useItem.minecraft.jungle_fence_gate":3,"stat.useItem.minecraft.redstone_block":51,"stat.useItem.minecraft.item_frame":5,"stat.useItem.minecraft.spruce_stairs":232,"stat.drop.minecraft.planks":1,"stat.shulkerBoxOpened":67,"stat.useItem.minecraft.stained_hardened_clay":142,"stat.useItem.minecraft.leaves":17,"stat.drop.minecraft.command_block":1,"stat.useItem.minecraft.cactus":3,"stat.pickup.minecraft.cooked_beef":64,"stat.useItem.minecraft.glass_pane":18,"stat.useItem.minecraft.deadbush":7,"stat.useItem.minecraft.netherrack":1,"stat.useItem.minecraft.barrier":1400,"stat.useItem.minecraft.acacia_boat":11,"stat.mobKills":5,"stat.useItem.minecraft.golden_apple":1,"stat.useItem.minecraft.spruce_door":10,"stat.sneakTime":4724,"stat.useItem.minecraft.brewing_stand":6,"stat.useItem.minecraft.fishing_rod":2,"stat.useItem.minecraft.web":22}